Country1,Year,current GDP
Afghanistan,2000, NA 
Afghanistan,2001, NA 
Afghanistan,2002,4055179566
Afghanistan,2003,4515558808
Afghanistan,2004,5226778809
Afghanistan,2005,6209137625
Afghanistan,2006,6971285595
Afghanistan,2007,9747879532
Afghanistan,2008,10109225814
Afghanistan,2009,12439087077
Afghanistan,2010,15856574731
Afghanistan,2011,17804292964
Afghanistan,2012,20001598506
Afghanistan,2013,20561069558
Afghanistan,2014,20484885120
Afghanistan,2015,19907111419
Albania,2000,3480355189
Albania,2001,3922099471
Albania,2002,4348070165
Albania,2003,5611492283
Albania,2004,7184681399
Albania,2005,8052075642
Albania,2006,8896073938
Albania,2007,10677321490
Albania,2008,12881354104
Albania,2009,12044223353
Albania,2010,11926928506
Albania,2011,12890765324
Albania,2012,12319830252
Albania,2013,12776217195
Albania,2014,13228144008
Albania,2015,11386846319
Algeria,2000,54790233856
Algeria,2001,54744725766
Algeria,2002,56760246982
Algeria,2003,67863841333
Algeria,2004,85325003122
Algeria,2005,103198000000
Algeria,2006,117027000000
Algeria,2007,134846000000
Algeria,2008,171008000000
Algeria,2009,137206000000
Algeria,2010,161155000000
Algeria,2011,200254000000
Algeria,2012,209021000000
Algeria,2013,209724000000
Algeria,2014,213860000000
Algeria,2015,166361000000
American Samoa,2000, NA 
American Samoa,2001, NA 
American Samoa,2002,514000000
American Samoa,2003,527000000
American Samoa,2004,512000000
American Samoa,2005,503000000
American Samoa,2006,496000000
American Samoa,2007,520000000
American Samoa,2008,563000000
American Samoa,2009,678000000
American Samoa,2010,576000000
American Samoa,2011,574000000
American Samoa,2012,644000000
American Samoa,2013,641000000
American Samoa,2014,642000000
American Samoa,2015,661000000
Andorra,2000,1429049198
Andorra,2001,1546926174
Andorra,2002,1755910032
Andorra,2003,2361726862
Andorra,2004,2894921778
Andorra,2005,3159905484
Andorra,2006,3456442103
Andorra,2007,3952600602
Andorra,2008,4085630584
Andorra,2009,3674409558
Andorra,2010,3449966857
Andorra,2011,3629203786
Andorra,2012,3188808943
Andorra,2013,3193704343
Andorra,2014,3271808157
Andorra,2015,2789870188
Angola,2000,9129594819
Angola,2001,8936063723
Angola,2002,15285594828
Angola,2003,17812705294
Angola,2004,23552052408
Angola,2005,36970918699
Angola,2006,52381006892
Angola,2007,65266452081
Angola,2008,88538611205
Angola,2009,70307163678
Angola,2010,83799496611
Angola,2011,111790000000
Angola,2012,128053000000
Angola,2013,136710000000
Angola,2014,145712000000
Angola,2015,116194000000
Antigua and Barbuda,2000,"826370370,4"
Antigua and Barbuda,2001,"800481481,5"
Antigua and Barbuda,2002,"814381481,5"
Antigua and Barbuda,2003,"856396296,3"
Antigua and Barbuda,2004,"919729629,6"
Antigua and Barbuda,2005,1022962963
Antigua and Barbuda,2006,1157662963
Antigua and Barbuda,2007,1312759259
Antigua and Barbuda,2008,1370070370
Antigua and Barbuda,2009,1228329630
Antigua and Barbuda,2010,1148700000
Antigua and Barbuda,2011,1137637037
Antigua and Barbuda,2012,1199948148
Antigua and Barbuda,2013,1181448148
Antigua and Barbuda,2014,1249733333
Antigua and Barbuda,2015,1336692593
Argentina,2000,284204000000
Argentina,2001,268697000000
Argentina,2002,97724004252
Argentina,2003,127587000000
Argentina,2004,164658000000
Argentina,2005,198737000000
Argentina,2006,232557000000
Argentina,2007,287531000000
Argentina,2008,361558000000
Argentina,2009,332976000000
Argentina,2010,423627000000
Argentina,2011,530163000000
Argentina,2012,545982000000
Argentina,2013,552025000000
Argentina,2014,526320000000
Argentina,2015,594749000000
Armenia,2000,1911563665
Armenia,2001,2118467913
Armenia,2002,2376335048
Armenia,2003,2807061009
Armenia,2004,3576615240
Armenia,2005,4900469950
Armenia,2006,6384451606
Armenia,2007,9206301700
Armenia,2008,11662040714
Armenia,2009,8647936748
Armenia,2010,9260284938
Armenia,2011,10142111334
Armenia,2012,10619320049
Armenia,2013,11121465767
Armenia,2014,11609512940
Armenia,2015,10553337673
Aruba,2000,1873452514
Aruba,2001,1920111732
Aruba,2002,1941340782
Aruba,2003,2021229050
Aruba,2004,2228491620
Aruba,2005,2330726257
Aruba,2006,2424581006
Aruba,2007,2615083799
Aruba,2008,2745251397
Aruba,2009,2498882682
Aruba,2010,2390502793
Aruba,2011,2549720670
Aruba,2012,2534636872
Aruba,2013,2701675978
Aruba,2014,2765363128
Aruba,2015,2919553073
Australia,2000,415223000000
Australia,2001,378376000000
Australia,2002,394649000000
Australia,2003,466488000000
Australia,2004,612490000000
Australia,2005,693408000000
Australia,2006,746054000000
Australia,2007,853100000000
Australia,2008,1054000000000
Australia,2009,927805000000
Australia,2010,1146140000000
Australia,2011,1396650000000
Australia,2012,1546150000000
Australia,2013,1576180000000
Australia,2014,1467480000000
Australia,2015,1351690000000
Austria,2000,196800000000
Austria,2001,197338000000
Austria,2002,213378000000
Austria,2003,261696000000
Austria,2004,300904000000
Austria,2005,315974000000
Austria,2006,335999000000
Austria,2007,388691000000
Austria,2008,430294000000
Austria,2009,400172000000
Austria,2010,391893000000
Austria,2011,431120000000
Austria,2012,409425000000
Austria,2013,430069000000
Austria,2014,441996000000
Austria,2015,381818000000
Azerbaijan,2000,5272617196
Azerbaijan,2001,5707720391
Azerbaijan,2002,6235856820
Azerbaijan,2003,7276013032
Azerbaijan,2004,8680370408
Azerbaijan,2005,13245716099
Azerbaijan,2006,20982986344
Azerbaijan,2007,33050343783
Azerbaijan,2008,48852482960
Azerbaijan,2009,44291490421
Azerbaijan,2010,52902703376
Azerbaijan,2011,65951627200
Azerbaijan,2012,69683935845
Azerbaijan,2013,74164435946
Azerbaijan,2014,75244294275
Azerbaijan,2015,53074370486
Bahamas,2000,8076470000
Bahamas,2001,8317830000
Bahamas,2002,8881160000
Bahamas,2003,8870090000
Bahamas,2004,9055290000
Bahamas,2005,9836200000
Bahamas,2006,10167250000
Bahamas,2007,10618340000
Bahamas,2008,10526000000
Bahamas,2009,9981960000
Bahamas,2010,10095760000
Bahamas,2011,10070450000
Bahamas,2012,10720500000
Bahamas,2013,10568400000
Bahamas,2014,11111600000
Bahamas,2015,11710800000
Bahrain,2000,9062898936
Bahrain,2001,8976196809
Bahrain,2002,9593510638
Bahrain,2003,11074813830
Bahrain,2004,13150159574
Bahrain,2005,15968723404
Bahrain,2006,18504760638
Bahrain,2007,21730000000
Bahrain,2008,25710904255
Bahrain,2009,22938218085
Bahrain,2010,25713271277
Bahrain,2011,28776595745
Bahrain,2012,30749308511
Bahrain,2013,32539468085
Bahrain,2014,33387712766
Bahrain,2015,31050638298
Bangladesh,2000,53369787319
Bangladesh,2001,53991289844
Bangladesh,2002,54724081491
Bangladesh,2003,60158929188
Bangladesh,2004,65108544250
Bangladesh,2005,69442943089
Bangladesh,2006,71819083684
Bangladesh,2007,79611888213
Bangladesh,2008,91631278239
Bangladesh,2009,102478000000
Bangladesh,2010,115279000000
Bangladesh,2011,128638000000
Bangladesh,2012,133356000000
Bangladesh,2013,149990000000
Bangladesh,2014,172885000000
Bangladesh,2015,195079000000
Barbados,2000,3059500000
Barbados,2001,3054500000
Barbados,2002,3106500000
Barbados,2003,3209500000
Barbados,2004,3444500000
Barbados,2005,3819500000
Barbados,2006,4217500000
Barbados,2007,4674000000
Barbados,2008,4785000000
Barbados,2009,4465500000
Barbados,2010,4530000000
Barbados,2011,4657500000
Barbados,2012,4610000000
Barbados,2013,4677000000
Barbados,2014,4696500000
Barbados,2015,4715000000
Belarus,2000,12736856828
Belarus,2001,12354820144
Belarus,2002,14594249023
Belarus,2003,17827791321
Belarus,2004,23144351852
Belarus,2005,30207567317
Belarus,2006,36954312354
Belarus,2007,45277399814
Belarus,2008,60763483146
Belarus,2009,50874078052
Belarus,2010,57222490769
Belarus,2011,61757788945
Belarus,2012,65685102555
Belarus,2013,75527984234
Belarus,2014,78813839984
Belarus,2015,56454734397
Belgium,2000,236205000000
Belgium,2001,236541000000
Belgium,2002,257158000000
Belgium,2003,317382000000
Belgium,2004,368537000000
Belgium,2005,385571000000
Belgium,2006,407918000000
Belgium,2007,470324000000
Belgium,2008,515224000000
Belgium,2009,481346000000
Belgium,2010,480952000000
Belgium,2011,522646000000
Belgium,2012,496181000000
Belgium,2013,521643000000
Belgium,2014,534678000000
Belgium,2015,462150000000
Belize,2000,832050000
Belize,2001,868350000
Belize,2002,925050000
Belize,2003,983500000
Belize,2004,1051350000
Belize,2005,1102050000
Belize,2006,1210150000
Belize,2007,1271600000
Belize,2008,1351350000
Belize,2009,1317300000
Belize,2010,1377200000
Belize,2011,1460800000
Belize,2012,1522900000
Belize,2013,1579400000
Belize,2014,1662800000
Belize,2015,1723800000
Benin,2000,3511248900
Benin,2001,3663017700
Benin,2002,4174634520
Benin,2003,5337266688
Benin,2004,6179176459
Benin,2005,6565043460
Benin,2006,7027863025
Benin,2007,8158257572
Benin,2008,9748276762
Benin,2009,9699586794
Benin,2010,9535344283
Benin,2011,10693321954
Benin,2012,11141358945
Benin,2013,12517845732
Benin,2014,13284528654
Benin,2015,11388160958
Bermuda,2000,3480219000
Bermuda,2001,3680483000
Bermuda,2002,3937228000
Bermuda,2003,4186525000
Bermuda,2004,4484703000
Bermuda,2005,4868136000
Bermuda,2006,6144000000
Bermuda,2007,6767000000
Bermuda,2008,6980000000
Bermuda,2009,6656000000
Bermuda,2010,6634526000
Bermuda,2011,6312691000
Bermuda,2012,6378188000
Bermuda,2013,6465756000
Bermuda,2014,6413988000
Bermuda,2015,6654541000
Bhutan,2000,"424464089,9"
Bhutan,2001,"461444513,7"
Bhutan,2002,"520849551,5"
Bhutan,2003,"604041957,9"
Bhutan,2004,682523857
Bhutan,2005,"796938120,2"
Bhutan,2006,"874989895,6"
Bhutan,2007,1168308517
Bhutan,2008,1227808791
Bhutan,2009,1234014292
Bhutan,2010,1547991318
Bhutan,2011,1777101317
Bhutan,2012,1781281282
Bhutan,2013,1756215665
Bhutan,2014,1907090813
Bhutan,2015,2003598213
"Bolivia, Plurinational State of",2000,8397912509
"Bolivia, Plurinational State of",2001,8141537938
"Bolivia, Plurinational State of",2002,7905485216
"Bolivia, Plurinational State of",2003,8082364868
"Bolivia, Plurinational State of",2004,8773451739
"Bolivia, Plurinational State of",2005,9549077869
"Bolivia, Plurinational State of",2006,11451869165
"Bolivia, Plurinational State of",2007,13120183157
"Bolivia, Plurinational State of",2008,16674324634
"Bolivia, Plurinational State of",2009,17339992165
"Bolivia, Plurinational State of",2010,19649631314
"Bolivia, Plurinational State of",2011,23963033431
"Bolivia, Plurinational State of",2012,27084497483
"Bolivia, Plurinational State of",2013,30659338880
"Bolivia, Plurinational State of",2014,32996188013
"Bolivia, Plurinational State of",2015,33000198248
Bosnia and Herzegovina,2000,5505887894
Bosnia and Herzegovina,2001,5748993411
Bosnia and Herzegovina,2002,6651106833
Bosnia and Herzegovina,2003,8369878823
Bosnia and Herzegovina,2004,10596205714
Bosnia and Herzegovina,2005,11222953519
Bosnia and Herzegovina,2006,12864610994
Bosnia and Herzegovina,2007,15778767670
Bosnia and Herzegovina,2008,19112739664
Bosnia and Herzegovina,2009,17613836210
Bosnia and Herzegovina,2010,17176781337
Bosnia and Herzegovina,2011,18644723861
Bosnia and Herzegovina,2012,17226849297
Bosnia and Herzegovina,2013,18178503835
Bosnia and Herzegovina,2014,18558343508
Bosnia and Herzegovina,2015,16211541820
Botswana,2000,5788329609
Botswana,2001,5489608300
Botswana,2002,5438857107
Botswana,2003,7511582173
Botswana,2004,8957467707
Botswana,2005,9918907108
Botswana,2006,10137883299
Botswana,2007,10939053365
Botswana,2008,10945070442
Botswana,2009,10267133178
Botswana,2010,12786654498
Botswana,2011,15351972361
Botswana,2012,14380004175
Botswana,2013,14901750991
Botswana,2014,16250781587
Botswana,2015,14420593484
Brazil,2000,655421000000
Brazil,2001,559372000000
Brazil,2002,507962000000
Brazil,2003,558320000000
Brazil,2004,669317000000
Brazil,2005,891630000000
Brazil,2006,1107640000000
Brazil,2007,1397080000000
Brazil,2008,1695820000000
Brazil,2009,1667020000000
Brazil,2010,2208870000000
Brazil,2011,2616200000000
Brazil,2012,2465190000000
Brazil,2013,2472810000000
Brazil,2014,2455990000000
Brazil,2015,1802210000000
"Virgin Islands, British",2000, NA 
"Virgin Islands, British",2001, NA 
"Virgin Islands, British",2002, NA 
"Virgin Islands, British",2003, NA 
"Virgin Islands, British",2004, NA 
"Virgin Islands, British",2005, NA 
"Virgin Islands, British",2006, NA 
"Virgin Islands, British",2007, NA 
"Virgin Islands, British",2008, NA 
"Virgin Islands, British",2009, NA 
"Virgin Islands, British",2010, NA 
"Virgin Islands, British",2011, NA 
"Virgin Islands, British",2012, NA 
"Virgin Islands, British",2013, NA 
"Virgin Islands, British",2014, NA 
"Virgin Islands, British",2015, NA 
Brunei Darussalam,2000,6001153306
Brunei Darussalam,2001,5601090584
Brunei Darussalam,2002,5843329108
Brunei Darussalam,2003,6557333085
Brunei Darussalam,2004,7872333215
Brunei Darussalam,2005,9531402848
Brunei Darussalam,2006,11470703002
Brunei Darussalam,2007,12247694247
Brunei Darussalam,2008,14393099069
Brunei Darussalam,2009,10732366286
Brunei Darussalam,2010,13707370737
Brunei Darussalam,2011,18525319978
Brunei Darussalam,2012,19047940301
Brunei Darussalam,2013,18093829923
Brunei Darussalam,2014,17098342541
Brunei Darussalam,2015,12930394938
Bulgaria,2000,13245833844
Bulgaria,2001,14183497963
Bulgaria,2002,16402846413
Bulgaria,2003,21144983552
Bulgaria,2004,26157894737
Bulgaria,2005,29869283400
Bulgaria,2006,34379808889
Bulgaria,2007,44405101470
Bulgaria,2008,54438966420
Bulgaria,2009,52023504656
Bulgaria,2010,50381825504
Bulgaria,2011,57386216850
Bulgaria,2012,54033250329
Bulgaria,2013,55615397666
Bulgaria,2014,56901994980
Bulgaria,2015,50647442757
Burkina Faso,2000,2956746304
Burkina Faso,2001,3190371050
Burkina Faso,2002,3622350204
Burkina Faso,2003,4740768355
Burkina Faso,2004,5451688868
Burkina Faso,2005,6146352742
Burkina Faso,2006,6547420134
Burkina Faso,2007,7625723124
Burkina Faso,2008,9451436359
Burkina Faso,2009,9450697336
Burkina Faso,2010,10109618964
Burkina Faso,2011,12080296644
Burkina Faso,2012,12561016091
Burkina Faso,2013,13444301139
Burkina Faso,2014,13943016924
Burkina Faso,2015,11832159276
Burundi,2000,"870486065,9"
Burundi,2001,"876794723,1"
Burundi,2002,"825394490,2"
Burundi,2003,"784654423,6"
Burundi,2004,"915257323,4"
Burundi,2005,1117113046
Burundi,2006,1273375020
Burundi,2007,1356199365
Burundi,2008,1611835902
Burundi,2009,1781455092
Burundi,2010,2032135247
Burundi,2011,2235820868
Burundi,2012,2333308099
Burundi,2013,2451625333
Burundi,2014,2705783272
Burundi,2015,3104394858
Cape Verde,2000,"539227277,6"
Cape Verde,2001,"563024383,3"
Cape Verde,2002,"620974660,2"
Cape Verde,2003,"813963830,2"
Cape Verde,2004,"924318490,8"
Cape Verde,2005,"971977088,2"
Cape Verde,2006,1107891063
Cape Verde,2007,1513933983
Cape Verde,2008,1789333749
Cape Verde,2009,1711817182
Cape Verde,2010,1664310770
Cape Verde,2011,1865915544
Cape Verde,2012,1741809809
Cape Verde,2013,1850470042
Cape Verde,2014,1859898513
Cape Verde,2015,1596800287
Cambodia,2000,3677897739
Cambodia,2001,3984000517
Cambodia,2002,4284028483
Cambodia,2003,4658246918
Cambodia,2004,5337833248
Cambodia,2005,6293046162
Cambodia,2006,7274595707
Cambodia,2007,8639235842
Cambodia,2008,10351914093
Cambodia,2009,10401851851
Cambodia,2010,11242275199
Cambodia,2011,12829541141
Cambodia,2012,14054443213
Cambodia,2013,15227991395
Cambodia,2014,16702610842
Cambodia,2015,18049954289
Cameroon,2000,10083937740
Cameroon,2001,10371327756
Cameroon,2002,11579343088
Cameroon,2003,14548845765
Cameroon,2004,17430933517
Cameroon,2005,17944084201
Cameroon,2006,19356046328
Cameroon,2007,22365265026
Cameroon,2008,26409781215
Cameroon,2009,26017925552
Cameroon,2010,26169323293
Cameroon,2011,29375448542
Cameroon,2012,29102772799
Cameroon,2013,32357345501
Cameroon,2014,34989493826
Cameroon,2015,30928653814
Canada,2000,742295000000
Canada,2001,736380000000
Canada,2002,757951000000
Canada,2003,892382000000
Canada,2004,1023200000000
Canada,2005,1169360000000
Canada,2006,1315420000000
Canada,2007,1464980000000
Canada,2008,1549130000000
Canada,2009,1371150000000
Canada,2010,1613460000000
Canada,2011,1788650000000
Canada,2012,1828690000000
Canada,2013,1847210000000
Canada,2014,1803530000000
Canada,2015,1556130000000
Cayman Islands,2000, NA 
Cayman Islands,2001, NA 
Cayman Islands,2002, NA 
Cayman Islands,2003, NA 
Cayman Islands,2004, NA 
Cayman Islands,2005, NA 
Cayman Islands,2006,4200439499
Cayman Islands,2007,4466438823
Cayman Islands,2008,4586114070
Cayman Islands,2009,4281868766
Cayman Islands,2010,4156990816
Cayman Islands,2011,4186223865
Cayman Islands,2012,4291158968
Cayman Islands,2013,4405954696
Cayman Islands,2014,4563017852
Cayman Islands,2015,4708336756
Central African Republic,2000,"914500299,1"
Central African Republic,2001,"931833302,8"
Central African Republic,2002,"991387870,1"
Central African Republic,2003,1139754799
Central African Republic,2004,1270080251
Central African Republic,2005,1337362392
Central African Republic,2006,1460561215
Central African Republic,2007,1697565949
Central African Republic,2008,1985240986
Central African Republic,2009,2059094048
Central African Republic,2010,2142591376
Central African Republic,2011,2437982840
Central African Republic,2012,2510126699
Central African Republic,2013,1691544192
Central African Republic,2014,1894813505
Central African Republic,2015,1695825708
Chad,2000,1385058162
Chad,2001,1710843361
Chad,2002,1997005787
Chad,2003,2742815195
Chad,2004,4422855929
Chad,2005,6649307057
Chad,2006,7428701809
Chad,2007,8650138069
Chad,2008,10393834721
Chad,2009,9290728773
Chad,2010,10668102735
Chad,2011,12172309523
Chad,2012,12367363678
Chad,2013,12953535496
Chad,2014,13940768066
Chad,2015,10950392220
Channel Islands,2000,6439703435
Channel Islands,2001,6232906290
Channel Islands,2002,6663669065
Channel Islands,2003,7332244898
Channel Islands,2004,8553643354
Channel Islands,2005,8827272727
Channel Islands,2006,9676172953
Channel Islands,2007,11514605842
Channel Islands,2008, NA 
Channel Islands,2009, NA 
Channel Islands,2010, NA 
Channel Islands,2011, NA 
Channel Islands,2012, NA 
Channel Islands,2013, NA 
Channel Islands,2014, NA 
Channel Islands,2015, NA 
Chile,2000,77860932152
Chile,2001,70979923960
Chile,2002,69736811435
Chile,2003,75643459840
Chile,2004,99210392858
Chile,2005,122965000000
Chile,2006,154788000000
Chile,2007,173606000000
Chile,2008,179638000000
Chile,2009,172389000000
Chile,2010,218538000000
Chile,2011,252252000000
Chile,2012,267122000000
Chile,2013,278384000000
Chile,2014,260542000000
Chile,2015,243919000000
China,2000,1211350000000
China,2001,1339400000000
China,2002,1470550000000
China,2003,1660290000000
China,2004,1955350000000
China,2005,2285970000000
China,2006,2752130000000
China,2007,3550340000000
China,2008,4594310000000
China,2009,5101700000000
China,2010,6087160000000
China,2011,7551500000000
China,2012,8532230000000
China,2013,9570410000000
China,2014,10475700000000
China,2015,11061600000000
Colombia,2000,99886577331
Colombia,2001,98211749596
Colombia,2002,97963003805
Colombia,2003,94641378693
Colombia,2004,117082000000
Colombia,2005,145619000000
Colombia,2006,161619000000
Colombia,2007,206182000000
Colombia,2008,242187000000
Colombia,2009,232398000000
Colombia,2010,286563000000
Colombia,2011,334944000000
Colombia,2012,370921000000
Colombia,2013,382116000000
Colombia,2014,381112000000
Colombia,2015,293482000000
Comoros,2000,"350264287,7"
Comoros,2001,"378512003,4"
Comoros,2002,"425964697,4"
Comoros,2003,546885185
Comoros,2004,"633706149,3"
Comoros,2005,"653845122,9"
Comoros,2006,"698431827,7"
Comoros,2007,"795673128,5"
Comoros,2008,"915659192,8"
Comoros,2009,"905341090,6"
Comoros,2010,"907978723,5"
Comoros,2011,1023086184
Comoros,2012,1015843369
Comoros,2013,1116224161
Comoros,2014,1149587652
Comoros,2015,966029542
"Congo, the Democratic Republic of the",2000,19088046306
"Congo, the Democratic Republic of the",2001,7438189100
"Congo, the Democratic Republic of the",2002,8728038525
"Congo, the Democratic Republic of the",2003,8937567060
"Congo, the Democratic Republic of the",2004,10297483481
"Congo, the Democratic Republic of the",2005,11964484668
"Congo, the Democratic Republic of the",2006,14451902468
"Congo, the Democratic Republic of the",2007,16737071816
"Congo, the Democratic Republic of the",2008,19788515874
"Congo, the Democratic Republic of the",2009,18648373312
"Congo, the Democratic Republic of the",2010,21565720044
"Congo, the Democratic Republic of the",2011,25839749199
"Congo, the Democratic Republic of the",2012,29306235826
"Congo, the Democratic Republic of the",2013,32679745298
"Congo, the Democratic Republic of the",2014,35909040266
"Congo, the Democratic Republic of the",2015,37917704900
Congo,2000,3219910550
Congo,2001,2796704577
Congo,2002,3034251042
Congo,2003,3503723245
Congo,2004,4656975223
Congo,2005,6650001214
Congo,2006,8072305415
Congo,2007,8782703767
Congo,2008,11649858744
Congo,2009,9723300391
Congo,2010,13148395202
Congo,2011,15655384440
Congo,2012,17692912613
Congo,2013,17958721572
Congo,2014,17783526318
Congo,2015,11953249530
Costa Rica,2000,14949514493
Costa Rica,2001,15913363441
Costa Rica,2002,16504795593
Costa Rica,2003,17196009811
Costa Rica,2004,18528955525
Costa Rica,2005,19948261084
Costa Rica,2006,22602721765
Costa Rica,2007,26743972564
Costa Rica,2008,30612927059
Costa Rica,2009,30562361123
Costa Rica,2010,37268614024
Costa Rica,2011,42262697840
Costa Rica,2012,46473128286
Costa Rica,2013,49745088112
Costa Rica,2014,50577769838
Costa Rica,2015,54775994479
Côte d'Ivoire,2000,10717022463
Côte d'Ivoire,2001,11202353585
Côte d'Ivoire,2002,12405208665
Côte d'Ivoire,2003,15340993079
Côte d'Ivoire,2004,16584164236
Côte d'Ivoire,2005,17091723906
Côte d'Ivoire,2006,17816714954
Côte d'Ivoire,2007,20370544322
Côte d'Ivoire,2008,24322959641
Côte d'Ivoire,2009,24375209178
Côte d'Ivoire,2010,24908781285
Côte d'Ivoire,2011,25414875503
Côte d'Ivoire,2012,26789047555
Côte d'Ivoire,2013,31273074528
Côte d'Ivoire,2014,35363533866
Côte d'Ivoire,2015,45814637971
Croatia,2000,21633671681
Croatia,2001,23054778851
Croatia,2002,26813968851
Croatia,2003,34682900713
Croatia,2004,41587470547
Croatia,2005,45376744002
Croatia,2006,50423077102
Croatia,2007,60073426977
Croatia,2008,70234425974
Croatia,2009,62600093959
Croatia,2010,59918313669
Croatia,2011,62537851352
Croatia,2012,56580819624
Croatia,2013,58194069434
Croatia,2014,57639588806
Croatia,2015,49525747504
Cuba,2000,30565400000
Cuba,2001,31682400000
Cuba,2002,33590500000
Cuba,2003,35901200000
Cuba,2004,38203000000
Cuba,2005,42643836100
Cuba,2006,52742800000
Cuba,2007,58603900000
Cuba,2008,60806300000
Cuba,2009,62080000000
Cuba,2010,64328000000
Cuba,2011,68990000000
Cuba,2012,73141000000
Cuba,2013,77148000000
Cuba,2014,80656000000
Cuba,2015,87133000000
Curaçao,2000, NA 
Curaçao,2001, NA 
Curaçao,2002, NA 
Curaçao,2003, NA 
Curaçao,2004, NA 
Curaçao,2005, NA 
Curaçao,2006, NA 
Curaçao,2007, NA 
Curaçao,2008, NA 
Curaçao,2009, NA 
Curaçao,2010, NA 
Curaçao,2011,3038699609
Curaçao,2012,3131096089
Curaçao,2013,3147616201
Curaçao,2014,3158406034
Curaçao,2015,3151910782
Cyprus,2000,9985844486
Cyprus,2001,10397897086
Cyprus,2002,11420227885
Cyprus,2003,14547325028
Cyprus,2004,17320552500
Cyprus,2005,18433411267
Cyprus,2006,20072786351
Cyprus,2007,23968764030
Cyprus,2008,27844698989
Cyprus,2009,25945391775
Cyprus,2010,25732432719
Cyprus,2011,27565469098
Cyprus,2012,24978513427
Cyprus,2013,23900872626
Cyprus,2014,23156850007
Cyprus,2015,19842404305
Czech Republic,2000,61828166496
Czech Republic,2001,67808032980
Czech Republic,2002,82196001051
Czech Republic,2003,100090000000
Czech Republic,2004,119814000000
Czech Republic,2005,137143000000
Czech Republic,2006,156264000000
Czech Republic,2007,190184000000
Czech Republic,2008,236816000000
Czech Republic,2009,207434000000
Czech Republic,2010,209070000000
Czech Republic,2011,229563000000
Czech Republic,2012,208858000000
Czech Republic,2013,211686000000
Czech Republic,2014,209359000000
Czech Republic,2015,188033000000
Denmark,2000,164159000000
Denmark,2001,164791000000
Denmark,2002,178635000000
Denmark,2003,218096000000
Denmark,2004,251373000000
Denmark,2005,264467000000
Denmark,2006,282885000000
Denmark,2007,319423000000
Denmark,2008,353361000000
Denmark,2009,321241000000
Denmark,2010,321995000000
Denmark,2011,344003000000
Denmark,2012,327149000000
Denmark,2013,343584000000
Denmark,2014,352994000000
Denmark,2015,302673000000
Djibouti,2000,"551230861,9"
Djibouti,2001,"572417440,8"
Djibouti,2002,"591122039,6"
Djibouti,2003,"622044665,5"
Djibouti,2004,"666072101,8"
Djibouti,2005,"708633194,7"
Djibouti,2006,768873684
Djibouti,2007,"847918929,1"
Djibouti,2008,"999105339,3"
Djibouti,2009,1049110685
Djibouti,2010,1128611700
Djibouti,2011,1239144502
Djibouti,2012,1353632942
Djibouti,2013,2042817163
Djibouti,2014,2214681574
Djibouti,2015,2430287967
Dominica,2000,"333468888,9"
Dominica,2001,"340205074,1"
Dominica,2002,"333195185,2"
Dominica,2003,"343310666,7"
Dominica,2004,"367199111,1"
Dominica,2005,"364255074,1"
Dominica,2006,"390250148,1"
Dominica,2007,"421375851,9"
Dominica,2008,"458190185,2"
Dominica,2009,"489074333,3"
Dominica,2010,"493825925,9"
Dominica,2011,"501025925,9"
Dominica,2012,"485996296,3"
Dominica,2013,"498296296,3"
Dominica,2014,"520207407,4"
Dominica,2015,540737037
Dominican Republic,2000,24305116729
Dominican Republic,2001,25601765403
Dominican Republic,2002,27137508655
Dominican Republic,2003,21403167849
Dominican Republic,2004,22322395369
Dominican Republic,2005,35777570134
Dominican Republic,2006,37879869898
Dominican Republic,2007,43965420071
Dominican Republic,2008,48122547177
Dominican Republic,2009,48261033297
Dominican Republic,2010,53860175557
Dominican Republic,2011,58029750744
Dominican Republic,2012,60681537195
Dominican Republic,2013,62682163838
Dominican Republic,2014,67179914026
Dominican Republic,2015,71164825258
Ecuador,2000,18327764882
Ecuador,2001,24468324000
Ecuador,2002,28548945000
Ecuador,2003,32432858000
Ecuador,2004,36591661000
Ecuador,2005,41507085000
Ecuador,2006,46802044000
Ecuador,2007,51007777000
Ecuador,2008,61762635000
Ecuador,2009,62519686000
Ecuador,2010,69555367000
Ecuador,2011,79276664000
Ecuador,2012,87924544000
Ecuador,2013,95129659000
Ecuador,2014,101726000000
Ecuador,2015,99290381000
Egypt,2000,99838543960
Egypt,2001,96684636119
Egypt,2002,85146067416
Egypt,2003,80288461538
Egypt,2004,78782467532
Egypt,2005,89600665557
Egypt,2006,107426000000
Egypt,2007,130438000000
Egypt,2008,162818000000
Egypt,2009,189147000000
Egypt,2010,218984000000
Egypt,2011,235990000000
Egypt,2012,279117000000
Egypt,2013,288434000000
Egypt,2014,305595000000
Egypt,2015,329367000000
El Salvador,2000,11784927700
El Salvador,2001,12282533600
El Salvador,2002,12664190300
El Salvador,2003,13243892200
El Salvador,2004,13724810900
El Salvador,2005,14698001400
El Salvador,2006,15999886400
El Salvador,2007,17011750900
El Salvador,2008,17986890000
El Salvador,2009,17601620000
El Salvador,2010,18447920000
El Salvador,2011,20283790000
El Salvador,2012,21386140000
El Salvador,2013,21990970000
El Salvador,2014,22593480000
El Salvador,2015,23438240000
Equatorial Guinea,2000,1045998496
Equatorial Guinea,2001,1461139022
Equatorial Guinea,2002,1806742742
Equatorial Guinea,2003,2484745935
Equatorial Guinea,2004,4410764339
Equatorial Guinea,2005,8217369093
Equatorial Guinea,2006,10086528699
Equatorial Guinea,2007,13071718759
Equatorial Guinea,2008,19749893536
Equatorial Guinea,2009,15027795173
Equatorial Guinea,2010,16314442183
Equatorial Guinea,2011,21357344847
Equatorial Guinea,2012,22388345810
Equatorial Guinea,2013,21948835350
Equatorial Guinea,2014,21765454404
Equatorial Guinea,2015,13185496836
Eritrea,2000,"706370815,6"
Eritrea,2001,"752368495,5"
Eritrea,2002,"729321366,7"
Eritrea,2003,"870247703,2"
Eritrea,2004,1109054005
Eritrea,2005,1098425901
Eritrea,2006,1211161880
Eritrea,2007,1317974491
Eritrea,2008,1380188800
Eritrea,2009,1856695551
Eritrea,2010,1589515447
Eritrea,2011,2065001626
Eritrea,2012, NA 
Eritrea,2013, NA 
Eritrea,2014, NA 
Eritrea,2015, NA 
Estonia,2000,5694069842
Estonia,2001,6259257900
Estonia,2002,7372457380
Estonia,2003,9877636631
Estonia,2004,12144397516
Estonia,2005,14098326079
Estonia,2006,17012322168
Estonia,2007,22445583082
Estonia,2008,24371299253
Estonia,2009,19744110864
Estonia,2010,19693608289
Estonia,2011,23391530006
Estonia,2012,23192708982
Estonia,2013,25271406708
Estonia,2014,26773473625
Estonia,2015,23048864243
Ethiopia,2000,8242392104
Ethiopia,2001,8231326016
Ethiopia,2002,7850809498
Ethiopia,2003,8623691300
Ethiopia,2004,10131187261
Ethiopia,2005,12401139454
Ethiopia,2006,15280861835
Ethiopia,2007,19707616773
Ethiopia,2008,27066912635
Ethiopia,2009,32437389116
Ethiopia,2010,29933790334
Ethiopia,2011,31952763089
Ethiopia,2012,43310721414
Ethiopia,2013,47648211133
Ethiopia,2014,55612228234
Ethiopia,2015,64589334979
Faroe Islands,2000,1058702725
Faroe Islands,2001,1147654635
Faroe Islands,2002,1262669892
Faroe Islands,2003,1494011567
Faroe Islands,2004,1688237552
Faroe Islands,2005,1727792693
Faroe Islands,2006,1984445416
Faroe Islands,2007,2290133549
Faroe Islands,2008,2432415998
Faroe Islands,2009,2268387771
Faroe Islands,2010,2320424601
Faroe Islands,2011,2490807831
Faroe Islands,2012,2366301252
Faroe Islands,2013,2627049837
Faroe Islands,2014,2850743875
Faroe Islands,2015,2518096286
Fiji,2000,1684109743
Fiji,2001,1660102346
Fiji,2002,1842691481
Fiji,2003,2315935753
Fiji,2004,2727507213
Fiji,2005,3006725015
Fiji,2006,3102741451
Fiji,2007,3405050612
Fiji,2008,3523185920
Fiji,2009,2870624636
Fiji,2010,3140508836
Fiji,2011,3774530616
Fiji,2012,3972012571
Fiji,2013,4190143206
Fiji,2014,4856963252
Fiji,2015,4682546881
Finland,2000,125707000000
Finland,2001,129421000000
Finland,2002,139738000000
Finland,2003,171274000000
Finland,2004,197117000000
Finland,2005,204809000000
Finland,2006,216908000000
Finland,2007,256053000000
Finland,2008,284554000000
Finland,2009,252497000000
Finland,2010,249181000000
Finland,2011,275244000000
Finland,2012,258305000000
Finland,2013,271285000000
Finland,2014,274497000000
Finland,2015,234440000000
France,2000,1362250000000
France,2001,1376470000000
France,2002,1494290000000
France,2003,1840480000000
France,2004,2115740000000
France,2005,2196130000000
France,2006,2318590000000
France,2007,2657210000000
France,2008,2918380000000
France,2009,2690220000000
France,2010,2642610000000
France,2011,2861410000000
France,2012,2683830000000
France,2013,2811080000000
France,2014,2852170000000
France,2015,2438210000000
French Polynesia,2000,3447543138
French Polynesia,2001, NA 
French Polynesia,2002, NA 
French Polynesia,2003, NA 
French Polynesia,2004, NA 
French Polynesia,2005, NA 
French Polynesia,2006, NA 
French Polynesia,2007, NA 
French Polynesia,2008, NA 
French Polynesia,2009, NA 
French Polynesia,2010, NA 
French Polynesia,2011, NA 
French Polynesia,2012, NA 
French Polynesia,2013, NA 
French Polynesia,2014, NA 
French Polynesia,2015, NA 
Gabon,2000,5067865321
Gabon,2001,5023265365
Gabon,2002,5335451308
Gabon,2003,6511903657
Gabon,2004,7770219480
Gabon,2005,9582783318
Gabon,2006,10327598801
Gabon,2007,12455410056
Gabon,2008,15571349776
Gabon,2009,12113699661
Gabon,2010,14372591916
Gabon,2011,18210308748
Gabon,2012,17170465294
Gabon,2013,17595745653
Gabon,2014,18203968002
Gabon,2015,14383107714
Gambia,2000,"782915402,4"
Gambia,2001,"687408804,6"
Gambia,2002,"578236035,1"
Gambia,2003,"487038821,6"
Gambia,2004,"961900106,9"
Gambia,2005,1027702254
Gambia,2006,1054113427
Gambia,2007,1279704745
Gambia,2008,1561763437
Gambia,2009,1450140386
Gambia,2010,1543292393
Gambia,2011,1409694554
Gambia,2012,1415006238
Gambia,2013,1375608956
Gambia,2014,1229460602
Gambia,2015,1378176868
Georgia,2000,3057475289
Georgia,2001,3219488664
Georgia,2002,3395728014
Georgia,2003,3991284895
Georgia,2004,5125365192
Georgia,2005,6410823633
Georgia,2006,7745394293
Georgia,2007,10172882371
Georgia,2008,12795076469
Georgia,2009,10766836277
Georgia,2010,12243505583
Georgia,2011,15107441447
Georgia,2012,16488403076
Georgia,2013,17189551521
Georgia,2014,17627003455
Georgia,2015,14953950557
Germany,2000,1943150000000
Germany,2001,1944110000000
Germany,2002,2068620000000
Germany,2003,2496130000000
Germany,2004,2809190000000
Germany,2005,2845800000000
Germany,2006,2992200000000
Germany,2007,3421230000000
Germany,2008,3730030000000
Germany,2009,3397790000000
Germany,2010,3396350000000
Germany,2011,3744410000000
Germany,2012,3527340000000
Germany,2013,3732740000000
Germany,2014,3883920000000
Germany,2015,3356240000000
Ghana,2000,4983024408
Ghana,2001,5314909954
Ghana,2002,6166330136
Ghana,2003,7632406553
Ghana,2004,8881368538
Ghana,2005,10744675210
Ghana,2006,20440893017
Ghana,2007,24827844950
Ghana,2008,28678701891
Ghana,2009,26048108185
Ghana,2010,32197272797
Ghana,2011,39337314810
Ghana,2012,41270954737
Ghana,2013,62405374786
Ghana,2014,53660342160
Ghana,2015,48564863888
Gibraltar,2000, NA 
Gibraltar,2001, NA 
Gibraltar,2002, NA 
Gibraltar,2003, NA 
Gibraltar,2004, NA 
Gibraltar,2005, NA 
Gibraltar,2006, NA 
Gibraltar,2007, NA 
Gibraltar,2008, NA 
Gibraltar,2009, NA 
Gibraltar,2010, NA 
Gibraltar,2011, NA 
Gibraltar,2012, NA 
Gibraltar,2013, NA 
Gibraltar,2014, NA 
Gibraltar,2015, NA 
Greece,2000,130134000000
Greece,2001,136191000000
Greece,2002,153831000000
Greece,2003,201924000000
Greece,2004,240521000000
Greece,2005,247783000000
Greece,2006,273318000000
Greece,2007,318498000000
Greece,2008,354461000000
Greece,2009,330000000000
Greece,2010,299362000000
Greece,2011,287798000000
Greece,2012,245671000000
Greece,2013,239862000000
Greece,2014,237030000000
Greece,2015,196591000000
Greenland,2000,1068030830
Greenland,2001,1086172923
Greenland,2002,1169138789
Greenland,2003,1558753434
Greenland,2004,1822486689
Greenland,2005,1849805733
Greenland,2006,2013099482
Greenland,2007,2249811709
Greenland,2008,2499107511
Greenland,2009,2529948330
Greenland,2010,2503156061
Greenland,2011,2684467376
Greenland,2012,2609667674
Greenland,2013,2684952727
Greenland,2014,2842048998
Greenland,2015,2499115623
Grenada,2000,"520044370,4"
Grenada,2001,"520444185,2"
Grenada,2002,"540336925,9"
Grenada,2003,"591018407,4"
Grenada,2004,"599118592,6"
Grenada,2005,"695555555,6"
Grenada,2006,"698700666,7"
Grenada,2007,"758683592,6"
Grenada,2008,825976037
Grenada,2009,"771275555,6"
Grenada,2010,"771013259,3"
Grenada,2011,"778655925,9"
Grenada,2012,"799882259,3"
Grenada,2013,"842620111,1"
Grenada,2014,"911497407,4"
Grenada,2015,"997007925,9"
Guam,2000, NA 
Guam,2001, NA 
Guam,2002,3385000000
Guam,2003,3560000000
Guam,2004,3857000000
Guam,2005,4197000000
Guam,2006,4213000000
Guam,2007,4375000000
Guam,2008,4621000000
Guam,2009,4781000000
Guam,2010,4895000000
Guam,2011,4928000000
Guam,2012,5199000000
Guam,2013,5336000000
Guam,2014,5538000000
Guam,2015,5710000000
Guatemala,2000,19288827159
Guatemala,2001,18702802522
Guatemala,2002,20776403774
Guatemala,2003,21917430694
Guatemala,2004,23965275794
Guatemala,2005,27211377107
Guatemala,2006,30231249625
Guatemala,2007,34113107372
Guatemala,2008,39136436614
Guatemala,2009,37733609795
Guatemala,2010,41338008613
Guatemala,2011,47654783852
Guatemala,2012,50388460925
Guatemala,2013,52996540576
Guatemala,2014,57852399705
Guatemala,2015,62186186576
Guinea,2000,2995360969
Guinea,2001,2829435957
Guinea,2002,2950198649
Guinea,2003,3446441698
Guinea,2004,3635458133
Guinea,2005,2937071767
Guinea,2006,4220019243
Guinea,2007,6281917656
Guinea,2008,6964179194
Guinea,2009,6716904569
Guinea,2010,6853467858
Guinea,2011,6785137173
Guinea,2012,7638045254
Guinea,2013,8376613843
Guinea,2014,8778473615
Guinea,2015,8794202444
Guinea-Bissau,2000,"370173838,7"
Guinea-Bissau,2001,"392621385,9"
Guinea-Bissau,2002,"417806667,1"
Guinea-Bissau,2003,"477458598,7"
Guinea-Bissau,2004,"532062927,4"
Guinea-Bissau,2005,"587029054,4"
Guinea-Bissau,2006,"592365688,1"
Guinea-Bissau,2007,"696910810,9"
Guinea-Bissau,2008,"868154708,5"
Guinea-Bissau,2009,830126470
Guinea-Bissau,2010,"849878424,2"
Guinea-Bissau,2011,1099818652
Guinea-Bissau,2012,"989271229,6"
Guinea-Bissau,2013,1046087418
Guinea-Bissau,2014,1054915645
Guinea-Bissau,2015,1048229629
Guyana,2000,"712667896,7"
Guyana,2001,"712167575,6"
Guyana,2002,"726131434,7"
Guyana,2003,"743064076,8"
Guyana,2004,"787814379,2"
Guyana,2005,"824880550,3"
Guyana,2006,2379818383
Guyana,2007,2730968914
Guyana,2008,3025189399
Guyana,2009,3165661865
Guyana,2010,3432913353
Guyana,2011,3691384743
Guyana,2012,4063090016
Guyana,2013,4167801803
Guyana,2014,4127664336
Guyana,2015,4279840362
Haiti,2000,6868666120
Haiti,2001,6364908100
Haiti,2002,6106867934
Haiti,2003,5000238129
Haiti,2004,6005401730
Haiti,2005,7049954289
Haiti,2006,7408787819
Haiti,2007,9315973989
Haiti,2008,10386485528
Haiti,2009,11269821159
Haiti,2010,11661585823
Haiti,2011,13008748132
Haiti,2012,13708931890
Haiti,2013,14498080023
Haiti,2014,14790765760
Haiti,2015,14857386164
Honduras,2000,7103507989
Honduras,2001,7651174661
Honduras,2002,7858235333
Honduras,2003,8230387552
Honduras,2004,8869311411
Honduras,2005,9757034457
Honduras,2006,10917481688
Honduras,2007,12361257681
Honduras,2008,13881701034
Honduras,2009,14587496229
Honduras,2010,15839344592
Honduras,2011,17710315006
Honduras,2012,18528601901
Honduras,2013,18499710128
Honduras,2014,19756494435
Honduras,2015,20979767785
Hong Kong,2000,171668000000
Hong Kong,2001,169403000000
Hong Kong,2002,166349000000
Hong Kong,2003,161385000000
Hong Kong,2004,169100000000
Hong Kong,2005,181570000000
Hong Kong,2006,193536000000
Hong Kong,2007,211597000000
Hong Kong,2008,219280000000
Hong Kong,2009,214046000000
Hong Kong,2010,228638000000
Hong Kong,2011,248514000000
Hong Kong,2012,262629000000
Hong Kong,2013,275697000000
Hong Kong,2014,291459000000
Hong Kong,2015,309384000000
Hungary,2000,47218405892
Hungary,2001,53749989092
Hungary,2002,67608919144
Hungary,2003,85302003908
Hungary,2004,103960000000
Hungary,2005,112981000000
Hungary,2006,115577000000
Hungary,2007,139966000000
Hungary,2008,158136000000
Hungary,2009,130760000000
Hungary,2010,131917000000
Hungary,2011,141760000000
Hungary,2012,128475000000
Hungary,2013,135412000000
Hungary,2014,140765000000
Hungary,2015,125074000000
Iceland,2000,9003639603
Iceland,2001,8205357405
Iceland,2002,9294652008
Iceland,2003,11414055065
Iceland,2004,13834750405
Iceland,2005,16812530830
Iceland,2006,17216420305
Iceland,2007,21514962938
Iceland,2008,17905251723
Iceland,2009,13164652470
Iceland,2010,13683689693
Iceland,2011,15158548263
Iceland,2012,14724078148
Iceland,2013,16033517403
Iceland,2014,17758050016
Iceland,2015,17389101639
India,2000,468395000000
India,2001,485441000000
India,2002,514938000000
India,2003,607699000000
India,2004,709149000000
India,2005,820382000000
India,2006,940260000000
India,2007,1216740000000
India,2008,1198900000000
India,2009,1341890000000
India,2010,1675620000000
India,2011,1823050000000
India,2012,1827640000000
India,2013,1856720000000
India,2014,2039130000000
India,2015,2103590000000
Indonesia,2000,165021000000
Indonesia,2001,160447000000
Indonesia,2002,195661000000
Indonesia,2003,234772000000
Indonesia,2004,256837000000
Indonesia,2005,285869000000
Indonesia,2006,364571000000
Indonesia,2007,432217000000
Indonesia,2008,510229000000
Indonesia,2009,539580000000
Indonesia,2010,755094000000
Indonesia,2011,892969000000
Indonesia,2012,917870000000
Indonesia,2013,912524000000
Indonesia,2014,890815000000
Indonesia,2015,860854000000
"Iran, Islamic Republic of",2000,109592000000
"Iran, Islamic Republic of",2001,126879000000
"Iran, Islamic Republic of",2002,128627000000
"Iran, Islamic Republic of",2003,153545000000
"Iran, Islamic Republic of",2004,190043000000
"Iran, Islamic Republic of",2005,226452000000
"Iran, Islamic Republic of",2006,266299000000
"Iran, Islamic Republic of",2007,349882000000
"Iran, Islamic Republic of",2008,412336000000
"Iran, Islamic Republic of",2009,416397000000
"Iran, Islamic Republic of",2010,486808000000
"Iran, Islamic Republic of",2011,580765000000
"Iran, Islamic Republic of",2012,598868000000
"Iran, Islamic Republic of",2013,460293000000
"Iran, Islamic Republic of",2014,432687000000
"Iran, Islamic Republic of",2015,384951000000
Iraq,2000, NA 
Iraq,2001, NA 
Iraq,2002, NA 
Iraq,2003, NA 
Iraq,2004,36627901762
Iraq,2005,49954890353
Iraq,2006,65140293688
Iraq,2007,88840050497
Iraq,2008,131614000000
Iraq,2009,111661000000
Iraq,2010,138462000000
Iraq,2011,185470000000
Iraq,2012,217808000000
Iraq,2013,234648000000
Iraq,2014,234648000000
Iraq,2015,177499000000
Ireland,2000,99852958356
Ireland,2001,109135000000
Ireland,2002,127950000000
Ireland,2003,164285000000
Ireland,2004,193871000000
Ireland,2005,211649000000
Ireland,2006,232083000000
Ireland,2007,269918000000
Ireland,2008,275039000000
Ireland,2009,236316000000
Ireland,2010,222149000000
Ireland,2011,237472000000
Ireland,2012,224999000000
Ireland,2013,238544000000
Ireland,2014,258472000000
Ireland,2015,291500000000
Isle of Man,2000,1563667800
Isle of Man,2001,1659131244
Isle of Man,2002,1947332922
Isle of Man,2003,2328658228
Isle of Man,2004,2822358473
Isle of Man,2005,3032400000
Isle of Man,2006,3422651334
Isle of Man,2007,4466100440
Isle of Man,2008,5928420956
Isle of Man,2009,5487083658
Isle of Man,2010,5920177689
Isle of Man,2011,6566098382
Isle of Man,2012,6690725118
Isle of Man,2013,7000748788
Isle of Man,2014,7708834951
Isle of Man,2015,7085288006
Israel,2000,132343000000
Israel,2001,130756000000
Israel,2002,121124000000
Israel,2003,126966000000
Israel,2004,135477000000
Israel,2005,142529000000
Israel,2006,154034000000
Israel,2007,178959000000
Israel,2008,216105000000
Israel,2009,207468000000
Israel,2010,233996000000
Israel,2011,261469000000
Israel,2012,257180000000
Israel,2013,292636000000
Israel,2014,309558000000
Israel,2015,299813000000
Italy,2000,1143830000000
Italy,2001,1167010000000
Italy,2002,1270710000000
Italy,2003,1574150000000
Italy,2004,1803230000000
Italy,2005,1857520000000
Italy,2006,1947920000000
Italy,2007,2210290000000
Italy,2008,2398860000000
Italy,2009,2191240000000
Italy,2010,2134020000000
Italy,2011,2291990000000
Italy,2012,2087080000000
Italy,2013,2141320000000
Italy,2014,2159130000000
Italy,2015,1835900000000
Jamaica,2000,8985352832
Jamaica,2001,9194717836
Jamaica,2002,9719017926
Jamaica,2003,9430230564
Jamaica,2004,10174664854
Jamaica,2005,11243868486
Jamaica,2006,11930171468
Jamaica,2007,12799593018
Jamaica,2008,13709402085
Jamaica,2009,12120460873
Jamaica,2010,13220556883
Jamaica,2011,14444655300
Jamaica,2012,14807086889
Jamaica,2013,14262589158
Jamaica,2014,13897804560
Jamaica,2015,14187696311
Japan,2000,4887520000000
Japan,2001,4303540000000
Japan,2002,4115120000000
Japan,2003,4445660000000
Japan,2004,4815150000000
Japan,2005,4755410000000
Japan,2006,4530380000000
Japan,2007,4515260000000
Japan,2008,5037910000000
Japan,2009,5231380000000
Japan,2010,5700100000000
Japan,2011,6157460000000
Japan,2012,6203210000000
Japan,2013,5155720000000
Japan,2014,4850410000000
Japan,2015,4389480000000
Jordan,2000,8460424401
Jordan,2001,8975689845
Jordan,2002,9582453032
Jordan,2003,10195660790
Jordan,2004,11411390409
Jordan,2005,12588665303
Jordan,2006,15056929760
Jordan,2007,17110587447
Jordan,2008,22657662395
Jordan,2009,24537876124
Jordan,2010,27133804244
Jordan,2011,29524149165
Jordan,2012,31634561670
Jordan,2013,34454440181
Jordan,2014,36847643587
Jordan,2015,38587017944
Kazakhstan,2000,18291990619
Kazakhstan,2001,22152694162
Kazakhstan,2002,24636593223
Kazakhstan,2003,30833699703
Kazakhstan,2004,43151647003
Kazakhstan,2005,57123671734
Kazakhstan,2006,81003884545
Kazakhstan,2007,104850000000
Kazakhstan,2008,133442000000
Kazakhstan,2009,115309000000
Kazakhstan,2010,148047000000
Kazakhstan,2011,192627000000
Kazakhstan,2012,207999000000
Kazakhstan,2013,236635000000
Kazakhstan,2014,221416000000
Kazakhstan,2015,184388000000
Kenya,2000,12705357103
Kenya,2001,12986007426
Kenya,2002,13147743911
Kenya,2003,14904517650
Kenya,2004,16095337094
Kenya,2005,18737897745
Kenya,2006,25825524821
Kenya,2007,31958195182
Kenya,2008,35895153328
Kenya,2009,37021512049
Kenya,2010,40000088347
Kenya,2011,41953433591
Kenya,2012,50412754861
Kenya,2013,55096728048
Kenya,2014,61448046802
Kenya,2015,64007750169
Kiribati,2000,"67254174,4"
Kiribati,2001,"63101272,37"
Kiribati,2002,"72196457,68"
Kiribati,2003,"90231856,8"
Kiribati,2004,"102367039,3"
Kiribati,2005,"112133944,3"
Kiribati,2006,"110234939,8"
Kiribati,2007,132671743
Kiribati,2008,"141042610,3"
Kiribati,2009,"132420059,3"
Kiribati,2010,"156120895,2"
Kiribati,2011,"181705002,6"
Kiribati,2012,"190243321,6"
Kiribati,2013,"185113921,6"
Kiribati,2014,"179703443,3"
Kiribati,2015,"171117872,4"
"Korea, Democratic People's Republic of",2000, NA 
"Korea, Democratic People's Republic of",2001, NA 
"Korea, Democratic People's Republic of",2002, NA 
"Korea, Democratic People's Republic of",2003, NA 
"Korea, Democratic People's Republic of",2004, NA 
"Korea, Democratic People's Republic of",2005, NA 
"Korea, Democratic People's Republic of",2006, NA 
"Korea, Democratic People's Republic of",2007, NA 
"Korea, Democratic People's Republic of",2008, NA 
"Korea, Democratic People's Republic of",2009, NA 
"Korea, Democratic People's Republic of",2010, NA 
"Korea, Democratic People's Republic of",2011, NA 
"Korea, Democratic People's Republic of",2012, NA 
"Korea, Democratic People's Republic of",2013, NA 
"Korea, Democratic People's Republic of",2014, NA 
"Korea, Democratic People's Republic of",2015, NA 
"Korea, Republic of",2000,576178000000
"Korea, Republic of",2001,547658000000
"Korea, Republic of",2002,627246000000
"Korea, Republic of",2003,702717000000
"Korea, Republic of",2004,793175000000
"Korea, Republic of",2005,934901000000
"Korea, Republic of",2006,1053220000000
"Korea, Republic of",2007,1172610000000
"Korea, Republic of",2008,1047340000000
"Korea, Republic of",2009,943942000000
"Korea, Republic of",2010,1144070000000
"Korea, Republic of",2011,1253220000000
"Korea, Republic of",2012,1278430000000
"Korea, Republic of",2013,1370800000000
"Korea, Republic of",2014,1484320000000
"Korea, Republic of",2015,1465770000000
Kosovo,2000,1849196082
Kosovo,2001,2535333632
Kosovo,2002,2406270658
Kosovo,2003,2790455728
Kosovo,2004,3556757429
Kosovo,2005,3663101604
Kosovo,2006,3846819721
Kosovo,2007,4655899261
Kosovo,2008,5687417607
Kosovo,2009,5653792720
Kosovo,2010,5835874321
Kosovo,2011,6701698218
Kosovo,2012,6499807272
Kosovo,2013,7074777527
Kosovo,2014,7396705195
Kosovo,2015,6442915788
Kuwait,2000,37712842243
Kuwait,2001,34887512227
Kuwait,2002,38137545245
Kuwait,2003,47876510067
Kuwait,2004,59439090601
Kuwait,2005,80798630137
Kuwait,2006,101549000000
Kuwait,2007,114640000000
Kuwait,2008,147395000000
Kuwait,2009,105963000000
Kuwait,2010,115419000000
Kuwait,2011,154068000000
Kuwait,2012,174070000000
Kuwait,2013,174161000000
Kuwait,2014,162631000000
Kuwait,2015,114567000000
Kyrgyzstan,2000,1369688498
Kyrgyzstan,2001,1525116370
Kyrgyzstan,2002,1605643105
Kyrgyzstan,2003,1919008090
Kyrgyzstan,2004,2211534585
Kyrgyzstan,2005,2460248026
Kyrgyzstan,2006,2834168889
Kyrgyzstan,2007,3802566171
Kyrgyzstan,2008,5139957785
Kyrgyzstan,2009,4690062255
Kyrgyzstan,2010,4794357795
Kyrgyzstan,2011,6197766119
Kyrgyzstan,2012,6605139933
Kyrgyzstan,2013,7335027592
Kyrgyzstan,2014,7468096567
Kyrgyzstan,2015,6678178340
Lao People's Democratic Republic,2000,1731198022
Lao People's Democratic Republic,2001,1768619058
Lao People's Democratic Republic,2002,1758176653
Lao People's Democratic Republic,2003,2023324407
Lao People's Democratic Republic,2004,2366398120
Lao People's Democratic Republic,2005,2735558726
Lao People's Democratic Republic,2006,3452882514
Lao People's Democratic Republic,2007,4222962988
Lao People's Democratic Republic,2008,5443915121
Lao People's Democratic Republic,2009,5832915387
Lao People's Democratic Republic,2010,7127792630
Lao People's Democratic Republic,2011,8749241114
Lao People's Democratic Republic,2012,10191350120
Lao People's Democratic Republic,2013,11942230508
Lao People's Democratic Republic,2014,13268458232
Lao People's Democratic Republic,2015,14390442307
Latvia,2000,7949253766
Latvia,2001,8351415939
Latvia,2002,9545172806
Latvia,2003,11749456401
Latvia,2004,14401882399
Latvia,2005,16959313006
Latvia,2006,21517445448
Latvia,2007,31004884421
Latvia,2008,35756225698
Latvia,2009,26317286628
Latvia,2010,23877564356
Latvia,2011,28619991392
Latvia,2012,28330632929
Latvia,2013,30432796306
Latvia,2014,31329367173
Latvia,2015,27239653844
Lebanon,2000,17260364842
Lebanon,2001,17649751244
Lebanon,2002,19152238806
Lebanon,2003,20082918740
Lebanon,2004,21159827992
Lebanon,2005,21497336499
Lebanon,2006,22022709852
Lebanon,2007,24827355015
Lebanon,2008,29118916106
Lebanon,2009,35399582929
Lebanon,2010,38443907042
Lebanon,2011,39927125961
Lebanon,2012,44035991746
Lebanon,2013,46909335135
Lebanon,2014,48134486625
Lebanon,2015,49939374833
Lesotho,2000,"887295267,9"
Lesotho,2001,"825706961,2"
Lesotho,2002,"775780697,7"
Lesotho,2003,1157832935
Lesotho,2004,1511236656
Lesotho,2005,1682350935
Lesotho,2006,1800105590
Lesotho,2007,1716262753
Lesotho,2008,1758534995
Lesotho,2009,1773199523
Lesotho,2010,2269525779
Lesotho,2011,2622336148
Lesotho,2012,2526185314
Lesotho,2013,2421470018
Lesotho,2014,2499803984
Lesotho,2015,2372280103
Liberia,2000,874000000
Liberia,2001,906000000
Liberia,2002,927000000
Liberia,2003,748000000
Liberia,2004,897000000
Liberia,2005,949000000
Liberia,2006,1119000000
Liberia,2007,1373000000
Liberia,2008,1726000000
Liberia,2009,1768000000
Liberia,2010,1998000000
Liberia,2011,2398000000
Liberia,2012,2721000000
Liberia,2013,3067000000
Liberia,2014,3144000000
Liberia,2015,3177000000
Libya,2000,38270206950
Libya,2001,34110064452
Libya,2002,20481889764
Libya,2003,26265625000
Libya,2004,33122307692
Libya,2005,47334148578
Libya,2006,54961936663
Libya,2007,67516236338
Libya,2008,87140405361
Libya,2009,63028320702
Libya,2010,74773444901
Libya,2011,34699395524
Libya,2012,81873662519
Libya,2013,65502870174
Libya,2014,41142722414
Libya,2015,27842131480
Liechtenstein,2000,2483953103
Liechtenstein,2001,2491822707
Liechtenstein,2002,2688630823
Liechtenstein,2003,3070691320
Liechtenstein,2004,3454362686
Liechtenstein,2005,3659251526
Liechtenstein,2006,4000239273
Liechtenstein,2007,4601299567
Liechtenstein,2008,5081432924
Liechtenstein,2009,4504549214
Liechtenstein,2010,5082366478
Liechtenstein,2011,5739977477
Liechtenstein,2012,5456009385
Liechtenstein,2013,6391735894
Liechtenstein,2014,6657170923
Liechtenstein,2015,6268391521
Lithuania,2000,11524776867
Lithuania,2001,12237388002
Lithuania,2002,14259781159
Lithuania,2003,18781721376
Lithuania,2004,22627507452
Lithuania,2005,26097677572
Lithuania,2006,30183575104
Lithuania,2007,39697891352
Lithuania,2008,47797551588
Lithuania,2009,37388122046
Lithuania,2010,37138464733
Lithuania,2011,43582248870
Lithuania,2012,42943442158
Lithuania,2013,46514471182
Lithuania,2014,48574531942
Lithuania,2015,41418872976
Luxembourg,2000,21263514833
Luxembourg,2001,21272418792
Luxembourg,2002,23616328816
Luxembourg,2003,29557325056
Luxembourg,2004,34685281848
Luxembourg,2005,37347394603
Luxembourg,2006,42414308117
Luxembourg,2007,50888134410
Luxembourg,2008,55849686539
Luxembourg,2009,51370543206
Luxembourg,2010,53212476812
Luxembourg,2011,60004630234
Luxembourg,2012,56677961787
Luxembourg,2013,61739352212
Luxembourg,2014,66103853237
Luxembourg,2015,57744457955
Macao,2000,6720492406
Macao,2001,6811227983
Macao,2002,7322677820
Macao,2003,8195033162
Macao,2004,10585624891
Macao,2005,12092222042
Macao,2006,14789661809
Macao,2007,18340447243
Macao,2008,20917444920
Macao,2009,21475520709
Macao,2010,28123640999
Macao,2011,36709860068
Macao,2012,43031577366
Macao,2013,51552075902
Macao,2014,55347998648
Macao,2015,45361678147
North Macedonia,2000,3772851420
North Macedonia,2001,3709637830
North Macedonia,2002,4018365247
North Macedonia,2003,4946292775
North Macedonia,2004,5682719260
North Macedonia,2005,6258600714
North Macedonia,2006,6861222332
North Macedonia,2007,8336478142
North Macedonia,2008,9909548411
North Macedonia,2009,9401731496
North Macedonia,2010,9407168702
North Macedonia,2011,10494632699
North Macedonia,2012,9745251126
North Macedonia,2013,10817712139
North Macedonia,2014,11362272838
North Macedonia,2015,10064515432
Madagascar,2000,4629247091
Madagascar,2001,5438332738
Madagascar,2002,5351701534
Madagascar,2003,6372498720
Madagascar,2004,5064732716
Madagascar,2005,5859269849
Madagascar,2006,6395712392
Madagascar,2007,8524620739
Madagascar,2008,10725137478
Madagascar,2009,9616879921
Madagascar,2010,9982711030
Madagascar,2011,11551821062
Madagascar,2012,11578978053
Madagascar,2013,12423557907
Madagascar,2014,12522959157
Madagascar,2015,11323023787
Malawi,2000,1743506531
Malawi,2001,1716502862
Malawi,2002,3495748398
Malawi,2003,3208837077
Malawi,2004,3476094499
Malawi,2005,3655909664
Malawi,2006,3998020177
Malawi,2007,4432937046
Malawi,2008,5321012192
Malawi,2009,6191127665
Malawi,2010,6959655571
Malawi,2011,8004000737
Malawi,2012,6028487929
Malawi,2013,5518880769
Malawi,2014,6047813437
Malawi,2015,6373212641
Malaysia,2000,93789736842
Malaysia,2001,92783947368
Malaysia,2002,100846000000
Malaysia,2003,110202000000
Malaysia,2004,124749000000
Malaysia,2005,143534000000
Malaysia,2006,162691000000
Malaysia,2007,193548000000
Malaysia,2008,230814000000
Malaysia,2009,202258000000
Malaysia,2010,255017000000
Malaysia,2011,297952000000
Malaysia,2012,314443000000
Malaysia,2013,323277000000
Malaysia,2014,338062000000
Malaysia,2015,301355000000
Maldives,2000,"624337145,3"
Maldives,2001,"870179738,6"
Maldives,2002,897031250
Maldives,2003,1052121055
Maldives,2004,1226829563
Maldives,2005,1163362438
Maldives,2006,1575200391
Maldives,2007,1868383461
Maldives,2008,2271646188
Maldives,2009,2345294875
Maldives,2010,2588176055
Maldives,2011,2774351760
Maldives,2012,2886170572
Maldives,2013,3295011382
Maldives,2014,3697351594
Maldives,2015,4109447297
Mali,2000,2954129566
Mali,2001,3465305993
Mali,2002,3889758024
Mali,2003,4703504467
Mali,2004,5444474268
Mali,2005,6247496491
Mali,2006,6905876385
Mali,2007,8145694632
Mali,2008,9798741074
Mali,2009,10190945007
Mali,2010,10689167195
Mali,2011,12995074801
Mali,2012,12441946098
Mali,2013,13242680705
Mali,2014,14364859446
Mali,2015,13104802016
Malta,2000,4069515557
Malta,2001,4088368962
Malta,2002,4470446352
Malta,2003,5448415540
Malta,2004,6098092512
Malta,2005,6416184236
Malta,2006,6778324087
Malta,2007,7925371459
Malta,2008,9090406750
Malta,2009,8696366869
Malta,2010,9035932178
Malta,2011,9638916472
Malta,2012,9462238257
Malta,2013,10551661220
Malta,2014,11626281450
Malta,2015,11091434435
Marshall Islands,2000,115347500
Marshall Islands,2001,122824000
Marshall Islands,2002,131738200
Marshall Islands,2003,131398500
Marshall Islands,2004,133806400
Marshall Islands,2005,141922500
Marshall Islands,2006,145474100
Marshall Islands,2007,153884600
Marshall Islands,2008,153135800
Marshall Islands,2009,151772600
Marshall Islands,2010,162164700
Marshall Islands,2011,174332100
Marshall Islands,2012,182874800
Marshall Islands,2013,187707400
Marshall Islands,2014,184689500
Marshall Islands,2015,184599600
Mauritania,2000,1779521110
Mauritania,2001,1746064719
Mauritania,2002,1777058593
Mauritania,2003,2051147607
Mauritania,2004,2362501023
Mauritania,2005,2936019526
Mauritania,2006,4008583968
Mauritania,2007,4328063511
Mauritania,2008,5138471610
Mauritania,2009,4725200358
Mauritania,2010,5628882266
Mauritania,2011,6764635687
Mauritania,2012,6728208836
Mauritania,2013,7223063170
Mauritania,2014,6592537782
Mauritania,2015,6166857629
Mauritius,2000,4663313620
Mauritius,2001,4613630623
Mauritius,2002,4841310240
Mauritius,2003,5816553827
Mauritius,2004,6578844486
Mauritius,2005,6488750453
Mauritius,2006,7028803366
Mauritius,2007,8150138757
Mauritius,2008,9990370016
Mauritius,2009,9128843109
Mauritius,2010,10003670690
Mauritius,2011,11518393367
Mauritius,2012,11668685524
Mauritius,2013,12129642296
Mauritius,2014,12803445934
Mauritius,2015,11692287066
Mexico,2000,707907000000
Mexico,2001,756706000000
Mexico,2002,772106000000
Mexico,2003,729336000000
Mexico,2004,782241000000
Mexico,2005,877476000000
Mexico,2006,975387000000
Mexico,2007,1052700000000
Mexico,2008,1109990000000
Mexico,2009,900045000000
Mexico,2010,1057800000000
Mexico,2011,1180490000000
Mexico,2012,1201090000000
Mexico,2013,1274440000000
Mexico,2014,1315350000000
Mexico,2015,1171870000000
"Micronesia, Federated States of",2000,233271800
"Micronesia, Federated States of",2001,240970900
"Micronesia, Federated States of",2002,242517200
"Micronesia, Federated States of",2003,245432900
"Micronesia, Federated States of",2004,240236000
"Micronesia, Federated States of",2005,250281900
"Micronesia, Federated States of",2006,253541900
"Micronesia, Federated States of",2007,256787200
"Micronesia, Federated States of",2008,263145100
"Micronesia, Federated States of",2009,280284600
"Micronesia, Federated States of",2010,296944100
"Micronesia, Federated States of",2011,311301600
"Micronesia, Federated States of",2012,327248700
"Micronesia, Federated States of",2013,317214400
"Micronesia, Federated States of",2014,319271200
"Micronesia, Federated States of",2015,316489900
"Moldova, Republic of",2000,1288429392
"Moldova, Republic of",2001,1480673594
"Moldova, Republic of",2002,1661818168
"Moldova, Republic of",2003,1980907435
"Moldova, Republic of",2004,2598249556
"Moldova, Republic of",2005,2988348836
"Moldova, Republic of",2006,3408244549
"Moldova, Republic of",2007,4401189466
"Moldova, Republic of",2008,6054849885
"Moldova, Republic of",2009,5439422031
"Moldova, Republic of",2010,6974960345
"Moldova, Republic of",2011,8414360656
"Moldova, Republic of",2012,8709165249
"Moldova, Republic of",2013,9496684701
"Moldova, Republic of",2014,9510219299
"Moldova, Republic of",2015,7745231660
Monaco,2000,2647883816
Monaco,2001,2718868306
Monaco,2002,2968987019
Monaco,2003,3601321065
Monaco,2004,4137913500
Monaco,2005,4203084194
Monaco,2006,4582988333
Monaco,2007,5867916781
Monaco,2008,6476490406
Monaco,2009,5451653237
Monaco,2010,5367625613
Monaco,2011,6088808463
Monaco,2012,5743029680
Monaco,2013,6555983530
Monaco,2014,7069616049
Monaco,2015,6261622101
Mongolia,2000,1136896124
Mongolia,2001,1267997934
Mongolia,2002,1396555720
Mongolia,2003,1595297356
Mongolia,2004,1992066808
Mongolia,2005,2523471532
Mongolia,2006,3414055566
Mongolia,2007,4234999823
Mongolia,2008,5623216449
Mongolia,2009,4583850368
Mongolia,2010,7189481824
Mongolia,2011,10409797649
Mongolia,2012,12292770631
Mongolia,2013,12582122604
Mongolia,2014,12226514722
Mongolia,2015,11749620620
Montenegro,2000,"984297589,4"
Montenegro,2001,1159869246
Montenegro,2002,1284685051
Montenegro,2003,1707710053
Montenegro,2004,2073234418
Montenegro,2005,2257174481
Montenegro,2006,2721903149
Montenegro,2007,3680711744
Montenegro,2008,4545674528
Montenegro,2009,4159330370
Montenegro,2010,4142931813
Montenegro,2011,4544575152
Montenegro,2012,4087561650
Montenegro,2013,4464502434
Montenegro,2014,4587741791
Montenegro,2015,4053097851
Morocco,2000,38857251336
Morocco,2001,39459581217
Morocco,2002,42236836821
Morocco,2003,52064058834
Morocco,2004,59626020162
Morocco,2005,62343022651
Morocco,2006,68640825481
Morocco,2007,79041294874
Morocco,2008,92507257784
Morocco,2009,92897320376
Morocco,2010,93216746662
Morocco,2011,101370000000
Morocco,2012,98266306615
Morocco,2013,106826000000
Morocco,2014,110081000000
Morocco,2015,101180000000
Mozambique,2000,5656473652
Mozambique,2001,5398568544
Mozambique,2002,5677003239
Mozambique,2003,6303391144
Mozambique,2004,7631120533
Mozambique,2005,8542070110
Mozambique,2006,9176889070
Mozambique,2007,10450843291
Mozambique,2008,12556195189
Mozambique,2009,11914471497
Mozambique,2010,11104648673
Mozambique,2011,14381552433
Mozambique,2012,16350804543
Mozambique,2013,16974320551
Mozambique,2014,17716084108
Mozambique,2015,15950969019
Myanmar,2000,8905066164
Myanmar,2001,6477790688
Myanmar,2002,6777632512
Myanmar,2003,10467109978
Myanmar,2004,10567354056
Myanmar,2005,11986972419
Myanmar,2006,14502553710
Myanmar,2007,20182477481
Myanmar,2008,31862554102
Myanmar,2009,36906181381
Myanmar,2010,49540813342
Myanmar,2011,59977326086
Myanmar,2012,59937797559
Myanmar,2013,60269734045
Myanmar,2014,65446199788
Myanmar,2015,67822772707
Namibia,2000,3833993703
Namibia,2001,3476452446
Namibia,2002,3275669889
Namibia,2003,4811994025
Namibia,2004,6480441754
Namibia,2005,7101514450
Namibia,2006,7840138006
Namibia,2007,8729714008
Namibia,2008,8496492492
Namibia,2009,8825055228
Namibia,2010,11268186636
Namibia,2011,12343501808
Namibia,2012,13041886316
Namibia,2013,12011207741
Namibia,2014,12356482989
Namibia,2015,11272143473
Nauru,2000, NA 
Nauru,2001, NA 
Nauru,2002, NA 
Nauru,2003, NA 
Nauru,2004, NA 
Nauru,2005, NA 
Nauru,2006, NA 
Nauru,2007, NA 
Nauru,2008, NA 
Nauru,2009, NA 
Nauru,2010,"47564520,39"
Nauru,2011,"66055407,67"
Nauru,2012,"96927201,48"
Nauru,2013,"98491843,64"
Nauru,2014,"104654365,2"
Nauru,2015,"86779266,16"
Nepal,2000,5494252208
Nepal,2001,6007055042
Nepal,2002,6050875807
Nepal,2003,6330473097
Nepal,2004,7273938315
Nepal,2005,8130258041
Nepal,2006,9043715356
Nepal,2007,10325618017
Nepal,2008,12545438605
Nepal,2009,12854985464
Nepal,2010,16002656434
Nepal,2011,18913574371
Nepal,2012,18851513891
Nepal,2013,19271168018
Nepal,2014,20002968838
Nepal,2015,21410840909
Netherlands,2000,416443000000
Netherlands,2001,431213000000
Netherlands,2002,471614000000
Netherlands,2003,578792000000
Netherlands,2004,657172000000
Netherlands,2005,685093000000
Netherlands,2006,733341000000
Netherlands,2007,847482000000
Netherlands,2008,947998000000
Netherlands,2009,868077000000
Netherlands,2010,846555000000
Netherlands,2011,904086000000
Netherlands,2012,838971000000
Netherlands,2013,876924000000
Netherlands,2014,890981000000
Netherlands,2015,765265000000
New Caledonia,2000,2682347064
New Caledonia,2001, NA 
New Caledonia,2002, NA 
New Caledonia,2003, NA 
New Caledonia,2004, NA 
New Caledonia,2005, NA 
New Caledonia,2006, NA 
New Caledonia,2007, NA 
New Caledonia,2008, NA 
New Caledonia,2009, NA 
New Caledonia,2010, NA 
New Caledonia,2011, NA 
New Caledonia,2012, NA 
New Caledonia,2013, NA 
New Caledonia,2014, NA 
New Caledonia,2015, NA 
New Zealand,2000,52623281957
New Zealand,2001,53872425917
New Zealand,2002,66627729311
New Zealand,2003,88250885550
New Zealand,2004,103905000000
New Zealand,2005,114720000000
New Zealand,2006,111609000000
New Zealand,2007,137320000000
New Zealand,2008,133290000000
New Zealand,2009,121358000000
New Zealand,2010,146619000000
New Zealand,2011,168510000000
New Zealand,2012,176248000000
New Zealand,2013,190846000000
New Zealand,2014,200922000000
New Zealand,2015,177468000000
Nicaragua,2000,5107329007
Nicaragua,2001,5323146566
Nicaragua,2002,5224213018
Nicaragua,2003,5322454926
Nicaragua,2004,5795568205
Nicaragua,2005,6321335612
Nicaragua,2006,6763361733
Nicaragua,2007,7423367753
Nicaragua,2008,8496946608
Nicaragua,2009,8298729074
Nicaragua,2010,8758639096
Nicaragua,2011,9774262742
Nicaragua,2012,10532049077
Nicaragua,2013,10982938826
Nicaragua,2014,11880434071
Nicaragua,2015,12756706583
Niger,2000,2236185390
Niger,2001,2448714681
Niger,2002,2782192987
Niger,2003,3394084885
Niger,2004,3760443966
Niger,2005,4383315657
Niger,2006,4756361480
Niger,2007,5731485267
Niger,2008,7297600897
Niger,2009,7352131669
Niger,2010,7851191899
Niger,2011,8772951262
Niger,2012,9426913349
Niger,2013,10224897935
Niger,2014,10862944204
Niger,2015,9685577941
Nigeria,2000,69448756933
Nigeria,2001,74030364472
Nigeria,2002,95385819321
Nigeria,2003,104912000000
Nigeria,2004,136386000000
Nigeria,2005,176134000000
Nigeria,2006,236104000000
Nigeria,2007,275626000000
Nigeria,2008,337036000000
Nigeria,2009,291880000000
Nigeria,2010,361457000000
Nigeria,2011,404994000000
Nigeria,2012,455502000000
Nigeria,2013,508693000000
Nigeria,2014,546676000000
Nigeria,2015,486803000000
Northern Mariana Islands,2000, NA 
Northern Mariana Islands,2001, NA 
Northern Mariana Islands,2002,1284000000
Northern Mariana Islands,2003,1239000000
Northern Mariana Islands,2004,1210000000
Northern Mariana Islands,2005,1061000000
Northern Mariana Islands,2006,990000000
Northern Mariana Islands,2007,938000000
Northern Mariana Islands,2008,939000000
Northern Mariana Islands,2009,795000000
Northern Mariana Islands,2010,799000000
Northern Mariana Islands,2011,733000000
Northern Mariana Islands,2012,751000000
Northern Mariana Islands,2013,782000000
Northern Mariana Islands,2014,845000000
Northern Mariana Islands,2015,931000000
Norway,2000,171247000000
Norway,2001,173972000000
Norway,2002,195524000000
Norway,2003,228859000000
Norway,2004,264512000000
Norway,2005,308884000000
Norway,2006,345581000000
Norway,2007,400937000000
Norway,2008,462250000000
Norway,2009,386190000000
Norway,2010,428757000000
Norway,2011,498283000000
Norway,2012,509506000000
Norway,2013,522762000000
Norway,2014,498410000000
Norway,2015,385802000000
Oman,2000,19507452508
Oman,2001,19452000476
Oman,2002,20142756175
Oman,2003,21633708220
Oman,2004,24763713001
Oman,2005,31081991725
Oman,2006,37215779656
Oman,2007,42085379489
Oman,2008,60905452458
Oman,2009,48388363516
Oman,2010,56913065779
Oman,2011,67872692582
Oman,2012,76511059936
Oman,2013,78555637365
Oman,2014,80686854743
Oman,2015,68399663322
Pakistan,2000,82017743416
Pakistan,2001,79484403985
Pakistan,2002,79904985385
Pakistan,2003,91760542940
Pakistan,2004,107760000000
Pakistan,2005,120055000000
Pakistan,2006,137264000000
Pakistan,2007,152386000000
Pakistan,2008,170078000000
Pakistan,2009,168153000000
Pakistan,2010,177166000000
Pakistan,2011,213587000000
Pakistan,2012,224384000000
Pakistan,2013,231219000000
Pakistan,2014,244361000000
Pakistan,2015,270556000000
Palau,2000,146297500
Palau,2001,156907900
Palau,2002,163184900
Palau,2003,153963200
Palau,2004,165186200
Palau,2005,190452900
Palau,2006,192382400
Palau,2007,198897700
Palau,2008,198283900
Palau,2009,187522800
Palau,2010,185943000
Palau,2011,196911100
Palau,2012,212397800
Palau,2013,221117200
Palau,2014,241669800
Palau,2015,280457700
Panama,2000,12304115000
Panama,2001,12502013400
Panama,2002,12994310400
Panama,2003,13693981200
Panama,2004,15013381700
Panama,2005,16374393900
Panama,2006,18141666300
Panama,2007,21295984200
Panama,2008,25155888600
Panama,2009,27116635600
Panama,2010,29440300000
Panama,2011,34686200000
Panama,2012,40429700000
Panama,2013,45600000000
Panama,2014,49921500000
Panama,2015,54091700000
Papua New Guinea,2000,3521339699
Papua New Guinea,2001,3081024212
Papua New Guinea,2002,2999511040
Papua New Guinea,2003,3536411824
Papua New Guinea,2004,3927157867
Papua New Guinea,2005,4865892972
Papua New Guinea,2006,8355006711
Papua New Guinea,2007,9545177005
Papua New Guinea,2008,11670840924
Papua New Guinea,2009,11619637816
Papua New Guinea,2010,14250755222
Papua New Guinea,2011,17984910496
Papua New Guinea,2012,21295659249
Papua New Guinea,2013,21261432775
Papua New Guinea,2014,23210682537
Papua New Guinea,2015,21723531182
Paraguay,2000,8855705140
Paraguay,2001,8495806432
Paraguay,2002,7196260657
Paraguay,2003,7691367471
Paraguay,2004,9624440836
Paraguay,2005,10737500188
Paraguay,2006,13429430050
Paraguay,2007,17856270473
Paraguay,2008,24578067861
Paraguay,2009,22341754514
Paraguay,2010,27215968616
Paraguay,2011,33715524704
Paraguay,2012,33283228891
Paraguay,2013,38585317743
Paraguay,2014,40276532541
Paraguay,2015,36164068797
Peru,2000,51744749133
Peru,2001,52030158775
Peru,2002,54777553515
Peru,2003,58731030122
Peru,2004,66768703498
Peru,2005,76060606061
Peru,2006,88643193062
Peru,2007,102171000000
Peru,2008,120551000000
Peru,2009,120823000000
Peru,2010,147529000000
Peru,2011,171762000000
Peru,2012,192649000000
Peru,2013,201175000000
Peru,2014,200789000000
Peru,2015,189805000000
Philippines,2000,83670261708
Philippines,2001,78921071499
Philippines,2002,84307369867
Philippines,2003,87039145965
Philippines,2004,95001994600
Philippines,2005,107420000000
Philippines,2006,127653000000
Philippines,2007,155980000000
Philippines,2008,181007000000
Philippines,2009,176132000000
Philippines,2010,208369000000
Philippines,2011,234217000000
Philippines,2012,261921000000
Philippines,2013,283903000000
Philippines,2014,297484000000
Philippines,2015,306446000000
Poland,2000,172219000000
Poland,2001,190905000000
Poland,2002,199072000000
Poland,2003,217827000000
Poland,2004,255110000000
Poland,2005,306144000000
Poland,2006,344622000000
Poland,2007,429029000000
Poland,2008,533609000000
Poland,2009,439738000000
Poland,2010,479834000000
Poland,2011,528301000000
Poland,2012,498524000000
Poland,2013,521016000000
Poland,2014,542477000000
Poland,2015,477812000000
Portugal,2000,118311000000
Portugal,2001,121499000000
Portugal,2002,134156000000
Portugal,2003,164862000000
Portugal,2004,189035000000
Portugal,2005,197180000000
Portugal,2006,208582000000
Portugal,2007,240191000000
Portugal,2008,262345000000
Portugal,2009,243702000000
Portugal,2010,237881000000
Portugal,2011,244797000000
Portugal,2012,216237000000
Portugal,2013,226370000000
Portugal,2014,229596000000
Portugal,2015,199314000000
Puerto Rico,2000,61701800000
Puerto Rico,2001,69208400000
Puerto Rico,2002,71623500000
Puerto Rico,2003,74827400000
Puerto Rico,2004,80322313000
Puerto Rico,2005,83914521300
Puerto Rico,2006,87276164400
Puerto Rico,2007,89524131600
Puerto Rico,2008,93639300000
Puerto Rico,2009,96385600000
Puerto Rico,2010,98381300000
Puerto Rico,2011,100352000000
Puerto Rico,2012,101565000000
Puerto Rico,2013,102450000000
Puerto Rico,2014,102446000000
Puerto Rico,2015,103376000000
Qatar,2000,17759890110
Qatar,2001,17538461538
Qatar,2002,19363736264
Qatar,2003,23533791209
Qatar,2004,31734065934
Qatar,2005,44530494505
Qatar,2006,60882142857
Qatar,2007,79712087912
Qatar,2008,115270000000
Qatar,2009,97798351648
Qatar,2010,125122000000
Qatar,2011,167775000000
Qatar,2012,186834000000
Qatar,2013,198728000000
Qatar,2014,206225000000
Qatar,2015,161740000000
Romania,2000,37253259017
Romania,2001,40394824679
Romania,2002,46066101951
Romania,2003,57806506024
Romania,2004,74972669057
Romania,2005,98452791983
Romania,2006,122023000000
Romania,2007,174585000000
Romania,2008,214314000000
Romania,2009,174104000000
Romania,2010,166309000000
Romania,2011,183327000000
Romania,2012,170636000000
Romania,2013,190801000000
Romania,2014,199959000000
Romania,2015,177729000000
Russian Federation,2000,259710000000
Russian Federation,2001,306602000000
Russian Federation,2002,345470000000
Russian Federation,2003,430348000000
Russian Federation,2004,591017000000
Russian Federation,2005,764017000000
Russian Federation,2006,989931000000
Russian Federation,2007,1299710000000
Russian Federation,2008,1660850000000
Russian Federation,2009,1222640000000
Russian Federation,2010,1524920000000
Russian Federation,2011,2045930000000
Russian Federation,2012,2208300000000
Russian Federation,2013,2292470000000
Russian Federation,2014,2059240000000
Russian Federation,2015,1363480000000
Rwanda,2000,2068929592
Rwanda,2001,1966668014
Rwanda,2002,1965903268
Rwanda,2003,2138244785
Rwanda,2004,2376384754
Rwanda,2005,2933282015
Rwanda,2006,3319198500
Rwanda,2007,4069636442
Rwanda,2008,5179108956
Rwanda,2009,5673410334
Rwanda,2010,6124120673
Rwanda,2011,6884889636
Rwanda,2012,7655138385
Rwanda,2013,7819538349
Rwanda,2014,8246166341
Rwanda,2015,8545441361
Samoa,2000,"269019710,3"
Samoa,2001,"273088357,2"
Samoa,2002,"288078881,4"
Samoa,2003,"338838639,4"
Samoa,2004,"420320176,4"
Samoa,2005,"465568018,3"
Samoa,2006,"505832439,8"
Samoa,2007,"570469196,7"
Samoa,2008,"619260721,6"
Samoa,2009,"584706020,2"
Samoa,2010,"663161517,9"
Samoa,2011,"737401692,2"
Samoa,2012,"760549587,1"
Samoa,2013,770021664
Samoa,2014,"756919917,3"
Samoa,2015,"788307330,6"
San Marino,2000,1005159388
San Marino,2001,1077413479
San Marino,2002,1168269231
San Marino,2003,1464326161
San Marino,2004,1723750000
San Marino,2005,1785847531
San Marino,2006,1908167106
San Marino,2007,2185874624
San Marino,2008,2393437820
San Marino,2009,2056126702
San Marino,2010,1881214371
San Marino,2011,1813752784
San Marino,2012,1604779648
San Marino,2013,1678841812
San Marino,2014,1673973695
San Marino,2015,1419394771
Sao Tome and Principe,2000, NA 
Sao Tome and Principe,2001,"75951210,69"
Sao Tome and Principe,2002,"85171308,17"
Sao Tome and Principe,2003,"102085583,5"
Sao Tome and Principe,2004,"114582561,6"
Sao Tome and Principe,2005,"136450274,7"
Sao Tome and Principe,2006,"142775597,3"
Sao Tome and Principe,2007,"149146423,1"
Sao Tome and Principe,2008,"188021190,6"
Sao Tome and Principe,2009,"187820464,6"
Sao Tome and Principe,2010,"196652166,3"
Sao Tome and Principe,2011,"231488665,2"
Sao Tome and Principe,2012,"250680453,1"
Sao Tome and Principe,2013,300553785
Sao Tome and Principe,2014,"346527949,8"
Sao Tome and Principe,2015,"316065369,9"
Saudi Arabia,2000,189515000000
Saudi Arabia,2001,184137000000
Saudi Arabia,2002,189606000000
Saudi Arabia,2003,215808000000
Saudi Arabia,2004,258742000000
Saudi Arabia,2005,328460000000
Saudi Arabia,2006,376900000000
Saudi Arabia,2007,415965000000
Saudi Arabia,2008,519797000000
Saudi Arabia,2009,429098000000
Saudi Arabia,2010,528207000000
Saudi Arabia,2011,671239000000
Saudi Arabia,2012,735975000000
Saudi Arabia,2013,746647000000
Saudi Arabia,2014,756350000000
Saudi Arabia,2015,654270000000
Senegal,2000,5924239701
Senegal,2001,6174898370
Senegal,2002,6752510283
Senegal,2003,8683229268
Senegal,2004,10167441854
Senegal,2005,11022821632
Senegal,2006,11847848225
Senegal,2007,14285970085
Senegal,2008,16949789465
Senegal,2009,16248212852
Senegal,2010,16230887978
Senegal,2011,17902207622
Senegal,2012,17824398469
Senegal,2013,18965572150
Senegal,2014,19797254643
Senegal,2015,17774766636
Serbia,2000,6875845987
Serbia,2001,12960538724
Serbia,2002,17120906918
Serbia,2003,22482365322
Serbia,2004,26141968161
Serbia,2005,27683225959
Serbia,2006,32482070360
Serbia,2007,43170990616
Serbia,2008,52194221469
Serbia,2009,45162894381
Serbia,2010,41819468692
Serbia,2011,49258136129
Serbia,2012,43309252921
Serbia,2013,48394239475
Serbia,2014,47062206678
Serbia,2015,39655958843
Seychelles,2000,"614879764,8"
Seychelles,2001,"622262057,2"
Seychelles,2002,"697518248,2"
Seychelles,2003,705704816
Seychelles,2004,"839319927,3"
Seychelles,2005,"919103254,5"
Seychelles,2006,1016418229
Seychelles,2007,1033561654
Seychelles,2008,967199594
Seychelles,2009,"847397850,1"
Seychelles,2010,"969936525,3"
Seychelles,2011,1065826670
Seychelles,2012,1060226126
Seychelles,2013,1328157609
Seychelles,2014,1343007845
Seychelles,2015,1377495054
Sierra Leone,2000,"635874002,2"
Sierra Leone,2001,1090467712
Sierra Leone,2002,1253340520
Sierra Leone,2003,1385810072
Sierra Leone,2004,1448536631
Sierra Leone,2005,1650494367
Sierra Leone,2006,1885112202
Sierra Leone,2007,2158496873
Sierra Leone,2008,2505458705
Sierra Leone,2009,2453899847
Sierra Leone,2010,2578026297
Sierra Leone,2011,2942546781
Sierra Leone,2012,3801862611
Sierra Leone,2013,4920343195
Sierra Leone,2014,5015157816
Sierra Leone,2015,4218723875
Singapore,2000,96074477958
Singapore,2001,89794943350
Singapore,2002,92537752709
Singapore,2003,97645448284
Singapore,2004,115035000000
Singapore,2005,127808000000
Singapore,2006,148630000000
Singapore,2007,180942000000
Singapore,2008,193612000000
Singapore,2009,194152000000
Singapore,2010,239809000000
Singapore,2011,279351000000
Singapore,2012,295087000000
Singapore,2013,307576000000
Singapore,2014,314851000000
Singapore,2015,308004000000
Sint Maarten (Dutch part),2000, NA 
Sint Maarten (Dutch part),2001, NA 
Sint Maarten (Dutch part),2002, NA 
Sint Maarten (Dutch part),2003, NA 
Sint Maarten (Dutch part),2004, NA 
Sint Maarten (Dutch part),2005, NA 
Sint Maarten (Dutch part),2006, NA 
Sint Maarten (Dutch part),2007, NA 
Sint Maarten (Dutch part),2008, NA 
Sint Maarten (Dutch part),2009, NA 
Sint Maarten (Dutch part),2010, NA 
Sint Maarten (Dutch part),2011,"936089385,5"
Sint Maarten (Dutch part),2012,"985865921,8"
Sint Maarten (Dutch part),2013,1022905028
Sint Maarten (Dutch part),2014,1245251397
Sint Maarten (Dutch part),2015,1253072626
Slovakia,2000,29169953013
Slovakia,2001,30752150336
Slovakia,2002,35130340674
Slovakia,2003,46816589165
Slovakia,2004,57332015148
Slovakia,2005,62785305310
Slovakia,2006,70708098106
Slovakia,2007,86454081577
Slovakia,2008,100470000000
Slovakia,2009,89046289247
Slovakia,2010,90310718349
Slovakia,2011,99122802874
Slovakia,2012,94534730681
Slovakia,2013,98848641555
Slovakia,2014,101190000000
Slovakia,2015,88467555244
Slovenia,2000,20289627637
Slovenia,2001,20876309970
Slovenia,2002,23489890274
Slovenia,2003,29634713641
Slovenia,2004,34414784504
Slovenia,2005,36206395971
Slovenia,2006,39481045038
Slovenia,2007,48006372844
Slovenia,2008,55552509155
Slovenia,2009,50368056405
Slovenia,2010,48161250405
Slovenia,2011,51516366655
Slovenia,2012,46580457470
Slovenia,2013,48401896808
Slovenia,2014,49930685013
Slovenia,2015,43090173395
Solomon Islands,2000,"429169368,6"
Solomon Islands,2001,424403183
Solomon Islands,2002,"356507823,6"
Solomon Islands,2003,"352522682,2"
Solomon Islands,2004,"397611126,7"
Solomon Islands,2005,"476898763,6"
Solomon Islands,2006,"538668769,3"
Solomon Islands,2007,"620230005,2"
Solomon Islands,2008,699157191
Solomon Islands,2009,"735940409,7"
Solomon Islands,2010,"846797693,6"
Solomon Islands,2011,1049952233
Solomon Islands,2012,1190994127
Solomon Islands,2013,1284698922
Solomon Islands,2014,1335538893
Solomon Islands,2015,1307061544
Somalia,2000, NA 
Somalia,2001, NA 
Somalia,2002, NA 
Somalia,2003, NA 
Somalia,2004, NA 
Somalia,2005, NA 
Somalia,2006, NA 
Somalia,2007, NA 
Somalia,2008, NA 
Somalia,2009, NA 
Somalia,2010, NA 
Somalia,2011, NA 
Somalia,2012, NA 
Somalia,2013, NA 
Somalia,2014, NA 
Somalia,2015, NA 
South Africa,2000,136361000000
South Africa,2001,121515000000
South Africa,2002,115482000000
South Africa,2003,175257000000
South Africa,2004,228590000000
South Africa,2005,257773000000
South Africa,2006,271638000000
South Africa,2007,299416000000
South Africa,2008,286770000000
South Africa,2009,295936000000
South Africa,2010,375349000000
South Africa,2011,416419000000
South Africa,2012,396333000000
South Africa,2013,366829000000
South Africa,2014,350905000000
South Africa,2015,317621000000
South Sudan,2000, NA 
South Sudan,2001, NA 
South Sudan,2002, NA 
South Sudan,2003, NA 
South Sudan,2004, NA 
South Sudan,2005, NA 
South Sudan,2006, NA 
South Sudan,2007, NA 
South Sudan,2008,14586253383
South Sudan,2009,12231264525
South Sudan,2010,14602072411
South Sudan,2011,14907308933
South Sudan,2012,11931472169
South Sudan,2013,18426469017
South Sudan,2014,13962212847
South Sudan,2015,11997800760
Spain,2000,596878000000
Spain,2001,627287000000
Spain,2002,705394000000
Spain,2003,905492000000
Spain,2004,1067090000000
Spain,2005,1153290000000
Spain,2006,1259340000000
Spain,2007,1472130000000
Spain,2008,1625220000000
Spain,2009,1485580000000
Spain,2010,1420720000000
Spain,2011,1478770000000
Spain,2012,1324820000000
Spain,2013,1354760000000
Spain,2014,1369400000000
Spain,2015,1195120000000
Sri Lanka,2000,16330814180
Sri Lanka,2001,15749753805
Sri Lanka,2002,16536535647
Sri Lanka,2003,18881765437
Sri Lanka,2004,20662525941
Sri Lanka,2005,24405791045
Sri Lanka,2006,28279814925
Sri Lanka,2007,32350248411
Sri Lanka,2008,40713812310
Sri Lanka,2009,42066217872
Sri Lanka,2010,56725749222
Sri Lanka,2011,65292753005
Sri Lanka,2012,68434409315
Sri Lanka,2013,74317806538
Sri Lanka,2014,79356449841
Sri Lanka,2015,80604080689
Saint Kitts and Nevis,2000,"421473325,2"
Saint Kitts and Nevis,2001,458643829
Saint Kitts and Nevis,2002,"481077373,7"
Saint Kitts and Nevis,2003,"469869869,9"
Saint Kitts and Nevis,2004,506900000
Saint Kitts and Nevis,2005,"547203703,7"
Saint Kitts and Nevis,2006,"644411111,1"
Saint Kitts and Nevis,2007,"689285185,2"
Saint Kitts and Nevis,2008,"751233333,3"
Saint Kitts and Nevis,2009,747862963
Saint Kitts and Nevis,2010,"760170370,4"
Saint Kitts and Nevis,2011,"817759259,3"
Saint Kitts and Nevis,2012,"800414814,8"
Saint Kitts and Nevis,2013,"839774074,1"
Saint Kitts and Nevis,2014,"916566666,7"
Saint Kitts and Nevis,2015,"923155555,6"
Saint Lucia,2000,"932592592,6"
Saint Lucia,2001,"892592592,6"
Saint Lucia,2002,900000000
Saint Lucia,2003,"987407407,4"
Saint Lucia,2004,1066666667
Saint Lucia,2005,1135555556
Saint Lucia,2006,1268319185
Saint Lucia,2007,1336088815
Saint Lucia,2008,1437731111
Saint Lucia,2009,1401507889
Saint Lucia,2010,1486758037
Saint Lucia,2011,1576988407
Saint Lucia,2012,1605146778
Saint Lucia,2013,1664816741
Saint Lucia,2014,1755130815
Saint Lucia,2015,1808079889
Saint Martin (French part),2000, NA 
Saint Martin (French part),2001, NA 
Saint Martin (French part),2002, NA 
Saint Martin (French part),2003, NA 
Saint Martin (French part),2004, NA 
Saint Martin (French part),2005, NA 
Saint Martin (French part),2006, NA 
Saint Martin (French part),2007, NA 
Saint Martin (French part),2008, NA 
Saint Martin (French part),2009, NA 
Saint Martin (French part),2010, NA 
Saint Martin (French part),2011, NA 
Saint Martin (French part),2012, NA 
Saint Martin (French part),2013, NA 
Saint Martin (French part),2014, NA 
Saint Martin (French part),2015, NA 
Saint Vincent and the Grenadines,2000,"396261370,4"
Saint Vincent and the Grenadines,2001,"430039296,3"
Saint Vincent and the Grenadines,2002,"461883444,4"
Saint Vincent and the Grenadines,2003,"481806296,3"
Saint Vincent and the Grenadines,2004,"521975111,1"
Saint Vincent and the Grenadines,2005,"550728666,7"
Saint Vincent and the Grenadines,2006,610930037
Saint Vincent and the Grenadines,2007,"684446259,3"
Saint Vincent and the Grenadines,2008,"695428851,9"
Saint Vincent and the Grenadines,2009,"674922481,5"
Saint Vincent and the Grenadines,2010,"681225925,9"
Saint Vincent and the Grenadines,2011,"676129629,6"
Saint Vincent and the Grenadines,2012,"692933333,3"
Saint Vincent and the Grenadines,2013,"721207407,4"
Saint Vincent and the Grenadines,2014,"727714814,8"
Saint Vincent and the Grenadines,2015,755400000
Sudan,2000,12257418326
Sudan,2001,13182979784
Sudan,2002,14803189093
Sudan,2003,17646503525
Sudan,2004,21457470203
Sudan,2005,26524538566
Sudan,2006,35822408612
Sudan,2007,45898948564
Sudan,2008,54526580232
Sudan,2009,49957202646
Sudan,2010,58167563413
Sudan,2011,57060450038
Sudan,2012,52766746152
Sudan,2013,57730380600
Sudan,2014,64941713057
Sudan,2015,74294508240
Suriname,2000,"947671969,7"
Suriname,2001,"834279357,8"
Suriname,2002,1093574468
Suriname,2003,1274190311
Suriname,2004,1484092538
Suriname,2005,1793388732
Suriname,2006,2626380435
Suriname,2007,2936612022
Suriname,2008,3532969035
Suriname,2009,3875409836
Suriname,2010,4368398048
Suriname,2011,4422276622
Suriname,2012,4980000000
Suriname,2013,5145757576
Suriname,2014,5240606061
Suriname,2015,4787367928
Eswatini,2000,1738100853
Eswatini,2001,1542477355
Eswatini,2002,1432228173
Eswatini,2003,2197612767
Eswatini,2004,2770082822
Eswatini,2005,3178126555
Eswatini,2006,3291353806
Eswatini,2007,3469363925
Eswatini,2008,3294093364
Eswatini,2009,3580417161
Eswatini,2010,4438778547
Eswatini,2011,4820499497
Eswatini,2012,4886658806
Eswatini,2013,4597702903
Eswatini,2014,4422304975
Eswatini,2015,4062660890
Sweden,2000,262835000000
Sweden,2001,242396000000
Sweden,2002,266849000000
Sweden,2003,334337000000
Sweden,2004,385118000000
Sweden,2005,392218000000
Sweden,2006,423093000000
Sweden,2007,491253000000
Sweden,2008,517706000000
Sweden,2009,436537000000
Sweden,2010,495813000000
Sweden,2011,574094000000
Sweden,2012,552484000000
Sweden,2013,586842000000
Sweden,2014,581964000000
Sweden,2015,505104000000
Switzerland,2000,272055000000
Switzerland,2001,278631000000
Switzerland,2002,301417000000
Switzerland,2003,352915000000
Switzerland,2004,394164000000
Switzerland,2005,408689000000
Switzerland,2006,430921000000
Switzerland,2007,479913000000
Switzerland,2008,554363000000
Switzerland,2009,541507000000
Switzerland,2010,583783000000
Switzerland,2011,699580000000
Switzerland,2012,668044000000
Switzerland,2013,688504000000
Switzerland,2014,709183000000
Switzerland,2015,679832000000
Syrian Arab Republic,2000,19325894913
Syrian Arab Republic,2001,21099833784
Syrian Arab Republic,2002,21582248882
Syrian Arab Republic,2003,21828144686
Syrian Arab Republic,2004,25086930693
Syrian Arab Republic,2005,28858965517
Syrian Arab Republic,2006,33332844575
Syrian Arab Republic,2007,40405006007
Syrian Arab Republic,2008, NA 
Syrian Arab Republic,2009, NA 
Syrian Arab Republic,2010, NA 
Syrian Arab Republic,2011, NA 
Syrian Arab Republic,2012, NA 
Syrian Arab Republic,2013, NA 
Syrian Arab Republic,2014, NA 
Syrian Arab Republic,2015, NA 
Tajikistan,2000,"860521119,3"
Tajikistan,2001,1080768907
Tajikistan,2002,1221120799
Tajikistan,2003,1555301496
Tajikistan,2004,2076182461
Tajikistan,2005,2312327536
Tajikistan,2006,2830220713
Tajikistan,2007,3719506173
Tajikistan,2008,5161337336
Tajikistan,2009,4979481980
Tajikistan,2010,5642178580
Tajikistan,2011,6522732203
Tajikistan,2012,7633049792
Tajikistan,2013,8448469838
Tajikistan,2014,9112544556
Tajikistan,2015,7854602392
"Tanzania, United Republic of",2000,13375976354
"Tanzania, United Republic of",2001,13581644246
"Tanzania, United Republic of",2002,14142035080
"Tanzania, United Republic of",2003,15224257698
"Tanzania, United Republic of",2004,16675948415
"Tanzania, United Republic of",2005,18399046025
"Tanzania, United Republic of",2006,18649590248
"Tanzania, United Republic of",2007,21843529025
"Tanzania, United Republic of",2008,27941177435
"Tanzania, United Republic of",2009,29081425282
"Tanzania, United Republic of",2010,32014249841
"Tanzania, United Republic of",2011,34657139495
"Tanzania, United Republic of",2012,39650530214
"Tanzania, United Republic of",2013,45680532614
"Tanzania, United Republic of",2014,49964788814
"Tanzania, United Republic of",2015,47378599025
Thailand,2000,126392000000
Thailand,2001,120296000000
Thailand,2002,134301000000
Thailand,2003,152281000000
Thailand,2004,172896000000
Thailand,2005,189319000000
Thailand,2006,221758000000
Thailand,2007,262942000000
Thailand,2008,291383000000
Thailand,2009,281710000000
Thailand,2010,341105000000
Thailand,2011,370819000000
Thailand,2012,397558000000
Thailand,2013,420333000000
Thailand,2014,407339000000
Thailand,2015,401296000000
Timor-Leste,2000,367087900
Timor-Leste,2001,477457500
Timor-Leste,2002,469461100
Timor-Leste,2003,490400300
Timor-Leste,2004,440732900
Timor-Leste,2005,462261800
Timor-Leste,2006,453796000
Timor-Leste,2007,542795300
Timor-Leste,2008,648492700
Timor-Leste,2009,726881600
Timor-Leste,2010,881826900
Timor-Leste,2011,1054725400
Timor-Leste,2012,1147779600
Timor-Leste,2013,1395524600
Timor-Leste,2014,1447311400
Timor-Leste,2015,1594410800
Togo,2000,1488185772
Togo,2001,1481141850
Togo,2002,1698678686
Togo,2003,2111093198
Togo,2004,2255942249
Togo,2005,2280575830
Togo,2006,2349495621
Togo,2007,2659095101
Togo,2008,3310277927
Togo,2009,3365711796
Togo,2010,3429461495
Togo,2011,3872459250
Togo,2012,3873308389
Togo,2013,4321655656
Togo,2014,4574986537
Togo,2015,4180866177
Tonga,2000,"204849594,9"
Tonga,2001,"181116944,4"
Tonga,2002,"182763673,2"
Tonga,2003,"202246980,2"
Tonga,2004,"230657956,8"
Tonga,2005,"261797595,1"
Tonga,2006,"292232126,6"
Tonga,2007,"298513956,2"
Tonga,2008,344428609
Tonga,2009,"312377379,3"
Tonga,2010,"366840012,4"
Tonga,2011,"414523388,5"
Tonga,2012,"470714083,4"
Tonga,2013,"450643615,2"
Tonga,2014,439878828
Tonga,2015,"437006227,2"
Trinidad and Tobago,2000,8154338233
Trinidad and Tobago,2001,8824873259
Trinidad and Tobago,2002,9008273721
Trinidad and Tobago,2003,11305459802
Trinidad and Tobago,2004,13280275123
Trinidad and Tobago,2005,15982282462
Trinidad and Tobago,2006,18369361094
Trinidad and Tobago,2007,21641620050
Trinidad and Tobago,2008,27871587350
Trinidad and Tobago,2009,19172165226
Trinidad and Tobago,2010,22157948396
Trinidad and Tobago,2011,25433011405
Trinidad and Tobago,2012,25763220107
Trinidad and Tobago,2013,27268478565
Trinidad and Tobago,2014,27615843098
Trinidad and Tobago,2015,25062893969
Tunisia,2000,21473188882
Tunisia,2001,22066101341
Tunisia,2002,23142294436
Tunisia,2003,27453084983
Tunisia,2004,31183139301
Tunisia,2005,32273007554
Tunisia,2006,34378437265
Tunisia,2007,38908069299
Tunisia,2008,44856586316
Tunisia,2009,43454935940
Tunisia,2010,44050929160
Tunisia,2011,45810626509
Tunisia,2012,45044112939
Tunisia,2013,46251061734
Tunisia,2014,47632326088
Tunisia,2015,43173480832
Turkey,2000,274303000000
Turkey,2001,201753000000
Turkey,2002,240249000000
Turkey,2003,314595000000
Turkey,2004,408865000000
Turkey,2005,506315000000
Turkey,2006,557076000000
Turkey,2007,681321000000
Turkey,2008,770449000000
Turkey,2009,649289000000
Turkey,2010,776968000000
Turkey,2011,838786000000
Turkey,2012,880556000000
Turkey,2013,957799000000
Turkey,2014,938934000000
Turkey,2015,864314000000
Turkmenistan,2000,2904662605
Turkmenistan,2001,3534803922
Turkmenistan,2002,4461978499
Turkmenistan,2003,5977560877
Turkmenistan,2004,6838351088
Turkmenistan,2005,8103901996
Turkmenistan,2006,10276674365
Turkmenistan,2007,12664165103
Turkmenistan,2008,19271523179
Turkmenistan,2009,20214385965
Turkmenistan,2010,22583157895
Turkmenistan,2011,29233333333
Turkmenistan,2012,35164210526
Turkmenistan,2013,39197543860
Turkmenistan,2014,43524210526
Turkmenistan,2015,35799714286
Turks and Caicos Islands,2000, NA 
Turks and Caicos Islands,2001,358744800
Turks and Caicos Islands,2002,366707900
Turks and Caicos Islands,2003,409753600
Turks and Caicos Islands,2004,485598800
Turks and Caicos Islands,2005,578645800
Turks and Caicos Islands,2006,721891500
Turks and Caicos Islands,2007,773489700
Turks and Caicos Islands,2008,862683600
Turks and Caicos Islands,2009,703175800
Turks and Caicos Islands,2010,686787800
Turks and Caicos Islands,2011,728789600
Turks and Caicos Islands,2012,727161000
Turks and Caicos Islands,2013,754238000
Turks and Caicos Islands,2014,841070000
Turks and Caicos Islands,2015,942070000
Tuvalu,2000,"13742057,05"
Tuvalu,2001,"13196544,95"
Tuvalu,2002,"15450994,24"
Tuvalu,2003,"18231078,54"
Tuvalu,2004,"21534931,61"
Tuvalu,2005,"21839098,89"
Tuvalu,2006,"22902861,45"
Tuvalu,2007,"27030374,03"
Tuvalu,2008,"30290219,76"
Tuvalu,2009,"27101076,28"
Tuvalu,2010,"31823518,62"
Tuvalu,2011,"38711810,21"
Tuvalu,2012,"37671774,69"
Tuvalu,2013,"37509075,11"
Tuvalu,2014,"37290607,54"
Tuvalu,2015,"35492074,22"
Uganda,2000,6193246837
Uganda,2001,5840503869
Uganda,2002,6178563591
Uganda,2003,6606884391
Uganda,2004,7939487474
Uganda,2005,9239221859
Uganda,2006,9977647645
Uganda,2007,11902564401
Uganda,2008,14440404021
Uganda,2009,25019909335
Uganda,2010,26558906014
Uganda,2011,27752712167
Uganda,2012,27188666947
Uganda,2013,28791625559
Uganda,2014,32472363452
Uganda,2015,32248116584
Ukraine,2000,31261527363
Ukraine,2001,37972301335
Ukraine,2002,42351593887
Ukraine,2003,50084197498
Ukraine,2004,64819702952
Ukraine,2005,86057915585
Ukraine,2006,107648000000
Ukraine,2007,142580000000
Ukraine,2008,179817000000
Ukraine,2009,117113000000
Ukraine,2010,136013000000
Ukraine,2011,163160000000
Ukraine,2012,175781000000
Ukraine,2013,183310000000
Ukraine,2014,133503000000
Ukraine,2015,91030959455
United Arab Emirates,2000,104337000000
United Arab Emirates,2001,103312000000
United Arab Emirates,2002,109816000000
United Arab Emirates,2003,124346000000
United Arab Emirates,2004,147824000000
United Arab Emirates,2005,180617000000
United Arab Emirates,2006,222117000000
United Arab Emirates,2007,257916000000
United Arab Emirates,2008,315475000000
United Arab Emirates,2009,253547000000
United Arab Emirates,2010,289787000000
United Arab Emirates,2011,350666000000
United Arab Emirates,2012,374591000000
United Arab Emirates,2013,390108000000
United Arab Emirates,2014,403137000000
United Arab Emirates,2015,358135000000
United Kingdom,2000,1657820000000
United Kingdom,2001,1640250000000
United Kingdom,2002,1784470000000
United Kingdom,2003,2053020000000
United Kingdom,2004,2416930000000
United Kingdom,2005,2538680000000
United Kingdom,2006,2713750000000
United Kingdom,2007,3100880000000
United Kingdom,2008,2922670000000
United Kingdom,2009,2410910000000
United Kingdom,2010,2475240000000
United Kingdom,2011,2659310000000
United Kingdom,2012,2704890000000
United Kingdom,2013,2786020000000
United Kingdom,2014,3063800000000
United Kingdom,2015,2928590000000
United States,2000,10252300000000
United States,2001,10581800000000
United States,2002,10936400000000
United States,2003,11458200000000
United States,2004,12213700000000
United States,2005,13036600000000
United States,2006,13814600000000
United States,2007,14451900000000
United States,2008,14712800000000
United States,2009,14448900000000
United States,2010,14992100000000
United States,2011,15542600000000
United States,2012,16197000000000
United States,2013,16784800000000
United States,2014,17527200000000
United States,2015,18224700000000
Uruguay,2000,22823255803
Uruguay,2001,20898788417
Uruguay,2002,13606494597
Uruguay,2003,12045631091
Uruguay,2004,13686329890
Uruguay,2005,17362857685
Uruguay,2006,19579457965
Uruguay,2007,23410572633
Uruguay,2008,30366213118
Uruguay,2009,31660911279
Uruguay,2010,40284481653
Uruguay,2011,47962439303
Uruguay,2012,51264390114
Uruguay,2013,57531233351
Uruguay,2014,57236013088
Uruguay,2015,53274304222
Uzbekistan,2000,13760513969
Uzbekistan,2001,11401421329
Uzbekistan,2002,9687788513
Uzbekistan,2003,10134453435
Uzbekistan,2004,12030023548
Uzbekistan,2005,14307509839
Uzbekistan,2006,17330833853
Uzbekistan,2007,22311393928
Uzbekistan,2008,29549438884
Uzbekistan,2009,33689223673
Uzbekistan,2010,46679875794
Uzbekistan,2011,56516280748
Uzbekistan,2012,63628854499
Uzbekistan,2013,68997168338
Uzbekistan,2014,76658542757
Uzbekistan,2015,81847410182
Vanuatu,2000,"272014693,1"
Vanuatu,2001,"257926881,7"
Vanuatu,2002,"262596597,8"
Vanuatu,2003,"314471328,1"
Vanuatu,2004,"364996869,1"
Vanuatu,2005,"394962552,3"
Vanuatu,2006,"439376794,1"
Vanuatu,2007,"526428309,9"
Vanuatu,2008,"607958616,1"
Vanuatu,2009,"610066628,7"
Vanuatu,2010,"700804286,2"
Vanuatu,2011,"792149700,7"
Vanuatu,2012,"781702874,1"
Vanuatu,2013,"801787555,9"
Vanuatu,2014,814954307
Vanuatu,2015,"759689950,9"
"Venezuela, Bolivarian Republic of",2000,117141000000
"Venezuela, Bolivarian Republic of",2001,122904000000
"Venezuela, Bolivarian Republic of",2002,92893587734
"Venezuela, Bolivarian Republic of",2003,83620628582
"Venezuela, Bolivarian Republic of",2004,112453000000
"Venezuela, Bolivarian Republic of",2005,145510000000
"Venezuela, Bolivarian Republic of",2006,183478000000
"Venezuela, Bolivarian Republic of",2007,230364000000
"Venezuela, Bolivarian Republic of",2008,315953000000
"Venezuela, Bolivarian Republic of",2009,329788000000
"Venezuela, Bolivarian Republic of",2010,393192000000
"Venezuela, Bolivarian Republic of",2011,316482000000
"Venezuela, Bolivarian Republic of",2012,381286000000
"Venezuela, Bolivarian Republic of",2013,371005000000
"Venezuela, Bolivarian Republic of",2014,482359000000
"Venezuela, Bolivarian Republic of",2015, NA 
Viet Nam,2000,31172518403
Viet Nam,2001,32685198735
Viet Nam,2002,35064105501
Viet Nam,2003,39552513316
Viet Nam,2004,45427854693
Viet Nam,2005,57633255618
Viet Nam,2006,66371664817
Viet Nam,2007,77414425532
Viet Nam,2008,99130304099
Viet Nam,2009,106015000000
Viet Nam,2010,115932000000
Viet Nam,2011,135539000000
Viet Nam,2012,155820000000
Viet Nam,2013,171222000000
Viet Nam,2014,186205000000
Viet Nam,2015,193241000000
"Virgin Islands, U.S.",2000, NA 
"Virgin Islands, U.S.",2001, NA 
"Virgin Islands, U.S.",2002,3269000000
"Virgin Islands, U.S.",2003,3453000000
"Virgin Islands, U.S.",2004,3799000000
"Virgin Islands, U.S.",2005,4439000000
"Virgin Islands, U.S.",2006,4504000000
"Virgin Islands, U.S.",2007,4803000000
"Virgin Islands, U.S.",2008,4250000000
"Virgin Islands, U.S.",2009,4203000000
"Virgin Islands, U.S.",2010,4339000000
"Virgin Islands, U.S.",2011,4239000000
"Virgin Islands, U.S.",2012,4095000000
"Virgin Islands, U.S.",2013,3762000000
"Virgin Islands, U.S.",2014,3622000000
"Virgin Islands, U.S.",2015,3748000000
"Palestine, State of",2000,4313600000
"Palestine, State of",2001,4003700000
"Palestine, State of",2002,3555800000
"Palestine, State of",2003,3968000000
"Palestine, State of",2004,4603100000
"Palestine, State of",2005,5125700000
"Palestine, State of",2006,5348300000
"Palestine, State of",2007,5815700000
"Palestine, State of",2008,7310400000
"Palestine, State of",2009,8085700000
"Palestine, State of",2010,9681500000
"Palestine, State of",2011,11186100000
"Palestine, State of",2012,12208400000
"Palestine, State of",2013,13515500000
"Palestine, State of",2014,13989700000
"Palestine, State of",2015,13972400000
Yemen,2000,9652436180
Yemen,2001,9861560095
Yemen,2002,10694628092
Yemen,2003,11777966673
Yemen,2004,13872791659
Yemen,2005,16746344766
Yemen,2006,19061978586
Yemen,2007,21650532264
Yemen,2008,26910851362
Yemen,2009,25130274124
Yemen,2010,30906749533
Yemen,2011,32726417212
Yemen,2012,35401341663
Yemen,2013,40415235702
Yemen,2014,43206469767
Yemen,2015,42450620876
Zambia,2000,3600683040
Zambia,2001,4094480988
Zambia,2002,4193845678
Zambia,2003,4901839731
Zambia,2004,6221077675
Zambia,2005,8331870169
Zambia,2006,12756858899
Zambia,2007,14056957976
Zambia,2008,17910858638
Zambia,2009,15328342304
Zambia,2010,20265559484
Zambia,2011,23459515276
Zambia,2012,25503060420
Zambia,2013,28045553105
Zambia,2014,27150728124
Zambia,2015,21243339048
Zimbabwe,2000,6689957600
Zimbabwe,2001,6777384700
Zimbabwe,2002,6342116400
Zimbabwe,2003,5727591800
Zimbabwe,2004,5805598400
Zimbabwe,2005,5755215200
Zimbabwe,2006,5443896500
Zimbabwe,2007,5291950100
Zimbabwe,2008,4415702800
Zimbabwe,2009,9665793300
Zimbabwe,2010,12041655200
Zimbabwe,2011,14101920300
Zimbabwe,2012,17114849900
Zimbabwe,2013,19091020000
Zimbabwe,2014,19495519600
Zimbabwe,2015,19963120600
