Country,Year,Population Total
Afghanistan,2000,20779953
Afghanistan,2001,21606988
Afghanistan,2002,22600770
Afghanistan,2003,23680871
Afghanistan,2004,24726684
Afghanistan,2005,25654277
Afghanistan,2006,26433049
Afghanistan,2007,27100536
Afghanistan,2008,27722276
Afghanistan,2009,28394813
Afghanistan,2010,29185507
Afghanistan,2011,30117413
Afghanistan,2012,31161376
Afghanistan,2013,32269589
Afghanistan,2014,33370794
Afghanistan,2015,34413603
Albania,2000,3089027
Albania,2001,3060173
Albania,2002,3051010
Albania,2003,3039616
Albania,2004,3026939
Albania,2005,3011487
Albania,2006,2992547
Albania,2007,2970017
Albania,2008,2947314
Albania,2009,2927519
Albania,2010,2913021
Albania,2011,2905195
Albania,2012,2900401
Albania,2013,2895092
Albania,2014,2889104
Albania,2015,2880703
Algeria,2000,31042235
Algeria,2001,31451514
Algeria,2002,31855109
Algeria,2003,32264157
Algeria,2004,32692163
Algeria,2005,33149724
Algeria,2006,33641002
Algeria,2007,34166972
Algeria,2008,34730608
Algeria,2009,35333881
Algeria,2010,35977455
Algeria,2011,36661444
Algeria,2012,37383887
Algeria,2013,38140132
Algeria,2014,38923687
Algeria,2015,39728025
American Samoa,2000,57821
American Samoa,2001,58494
American Samoa,2002,59080
American Samoa,2003,59504
American Samoa,2004,59681
American Samoa,2005,59562
American Samoa,2006,59107
American Samoa,2007,58365
American Samoa,2008,57492
American Samoa,2009,56683
American Samoa,2010,56079
American Samoa,2011,55759
American Samoa,2012,55667
American Samoa,2013,55713
American Samoa,2014,55791
American Samoa,2015,55812
Andorra,2000,65390
Andorra,2001,67341
Andorra,2002,70049
Andorra,2003,73182
Andorra,2004,76244
Andorra,2005,78867
Andorra,2006,80993
Andorra,2007,82684
Andorra,2008,83862
Andorra,2009,84463
Andorra,2010,84449
Andorra,2011,83747
Andorra,2012,82427
Andorra,2013,80774
Andorra,2014,79213
Andorra,2015,78011
Angola,2000,16395473
Angola,2001,16945753
Angola,2002,17519417
Angola,2003,18121479
Angola,2004,18758145
Angola,2005,19433602
Angola,2006,20149901
Angola,2007,20905363
Angola,2008,21695634
Angola,2009,22514281
Angola,2010,23356246
Angola,2011,24220661
Angola,2012,25107931
Angola,2013,26015780
Angola,2014,26941779
Angola,2015,27884381
Antigua and Barbuda,2000,76016
Antigua and Barbuda,2001,77212
Antigua and Barbuda,2002,78295
Antigua and Barbuda,2003,79300
Antigua and Barbuda,2004,80336
Antigua and Barbuda,2005,81465
Antigua and Barbuda,2006,82704
Antigua and Barbuda,2007,84026
Antigua and Barbuda,2008,85397
Antigua and Barbuda,2009,86746
Antigua and Barbuda,2010,88028
Antigua and Barbuda,2011,89253
Antigua and Barbuda,2012,90409
Antigua and Barbuda,2013,91516
Antigua and Barbuda,2014,92562
Antigua and Barbuda,2015,93566
Argentina,2000,36870787
Argentina,2001,37275652
Argentina,2002,37681749
Argentina,2003,38087868
Argentina,2004,38491972
Argentina,2005,38892931
Argentina,2006,39289878
Argentina,2007,39684295
Argentina,2008,40080160
Argentina,2009,40482788
Argentina,2010,40788453
Argentina,2011,41261490
Argentina,2012,41733271
Argentina,2013,42202935
Argentina,2014,42669500
Argentina,2015,43131966
Armenia,2000,3069591
Armenia,2001,3050687
Armenia,2002,3033978
Armenia,2003,3017932
Armenia,2004,3000720
Armenia,2005,2981269
Armenia,2006,2958307
Armenia,2007,2932618
Armenia,2008,2907618
Armenia,2009,2888092
Armenia,2010,2877319
Armenia,2011,2876538
Armenia,2012,2884229
Armenia,2013,2897584
Armenia,2014,2912403
Armenia,2015,2925553
Aruba,2000,90853
Aruba,2001,92898
Aruba,2002,94992
Aruba,2003,97017
Aruba,2004,98737
Aruba,2005,100031
Aruba,2006,100834
Aruba,2007,101222
Aruba,2008,101358
Aruba,2009,101455
Aruba,2010,101669
Aruba,2011,102046
Aruba,2012,102560
Aruba,2013,103159
Aruba,2014,103774
Aruba,2015,104341
Australia,2000,19153000
Australia,2001,19413000
Australia,2002,19651400
Australia,2003,19895400
Australia,2004,20127400
Australia,2005,20394800
Australia,2006,20697900
Australia,2007,20827600
Australia,2008,21249200
Australia,2009,21691700
Australia,2010,22031750
Australia,2011,22340024
Australia,2012,22733465
Australia,2013,23128129
Australia,2014,23475686
Australia,2015,23815995
Austria,2000,8011566
Austria,2001,8042293
Austria,2002,8081957
Austria,2003,8121423
Austria,2004,8171966
Austria,2005,8227829
Austria,2006,8268641
Austria,2007,8295487
Austria,2008,8321496
Austria,2009,8343323
Austria,2010,8363404
Austria,2011,8391643
Austria,2012,8429991
Austria,2013,8479823
Austria,2014,8546356
Austria,2015,8642699
Azerbaijan,2000,8048600
Azerbaijan,2001,8111200
Azerbaijan,2002,8171950
Azerbaijan,2003,8234100
Azerbaijan,2004,8306500
Azerbaijan,2005,8391850
Azerbaijan,2006,8484550
Azerbaijan,2007,8581300
Azerbaijan,2008,8763400
Azerbaijan,2009,8947243
Azerbaijan,2010,9054332
Azerbaijan,2011,9173082
Azerbaijan,2012,9295784
Azerbaijan,2013,9416801
Azerbaijan,2014,9535079
Azerbaijan,2015,9649341
Bahamas,2000,298051
Bahamas,2001,302618
Bahamas,2002,307660
Bahamas,2003,313129
Bahamas,2004,318894
Bahamas,2005,324859
Bahamas,2006,331033
Bahamas,2007,337389
Bahamas,2008,343681
Bahamas,2009,349604
Bahamas,2010,354942
Bahamas,2011,359577
Bahamas,2012,363584
Bahamas,2013,367168
Bahamas,2014,370633
Bahamas,2015,374206
Bahrain,2000,664611
Bahrain,2001,697545
Bahrain,2002,735146
Bahrain,2003,778708
Bahrain,2004,829844
Bahrain,2005,889164
Bahrain,2006,958418
Bahrain,2007,1035919
Bahrain,2008,1114641
Bahrain,2009,1185076
Bahrain,2010,1240860
Bahrain,2011,1278151
Bahrain,2012,1299943
Bahrain,2013,1315029
Bahrain,2014,1336075
Bahrain,2015,1371851
Bangladesh,2000,127657854
Bangladesh,2001,130088702
Bangladesh,2002,132478086
Bangladesh,2003,134791603
Bangladesh,2004,136986432
Bangladesh,2005,139035505
Bangladesh,2006,140921167
Bangladesh,2007,142660376
Bangladesh,2008,144304167
Bangladesh,2009,145924797
Bangladesh,2010,147575430
Bangladesh,2011,149273778
Bangladesh,2012,151007807
Bangladesh,2013,152764676
Bangladesh,2014,154520167
Bangladesh,2015,156256276
Barbados,2000,271515
Barbados,2001,272500
Barbados,2002,273425
Barbados,2003,274329
Barbados,2004,275284
Barbados,2005,276323
Barbados,2006,277477
Barbados,2007,278700
Barbados,2008,279946
Barbados,2009,281104
Barbados,2010,282131
Barbados,2011,282987
Barbados,2012,283700
Barbados,2013,284296
Barbados,2014,284825
Barbados,2015,285324
Belarus,2000,9979610
Belarus,2001,9928549
Belarus,2002,9865548
Belarus,2003,9796749
Belarus,2004,9730146
Belarus,2005,9663915
Belarus,2006,9604924
Belarus,2007,9560953
Belarus,2008,9527985
Belarus,2009,9506765
Belarus,2010,9490583
Belarus,2011,9473172
Belarus,2012,9464495
Belarus,2013,9465997
Belarus,2014,9474511
Belarus,2015,9489616
Belgium,2000,10251250
Belgium,2001,10286570
Belgium,2002,10332785
Belgium,2003,10376133
Belgium,2004,10421137
Belgium,2005,10478617
Belgium,2006,10547958
Belgium,2007,10625700
Belgium,2008,10709973
Belgium,2009,10796493
Belgium,2010,10895586
Belgium,2011,11038264
Belgium,2012,11106932
Belgium,2013,11159407
Belgium,2014,11209057
Belgium,2015,11274196
Belize,2000,247315
Belize,2001,255063
Belize,2002,262378
Belize,2003,269425
Belize,2004,276504
Belize,2005,283800
Belize,2006,291329
Belize,2007,299025
Belize,2008,306823
Belize,2009,314655
Belize,2010,322464
Belize,2011,330237
Belize,2012,338000
Belize,2013,345715
Belize,2014,353366
Belize,2015,360933
Benin,2000,6865951
Benin,2001,7076733
Benin,2002,7295394
Benin,2003,7520555
Benin,2004,7750004
Benin,2005,7982225
Benin,2006,8216897
Benin,2007,8454793
Benin,2008,8696921
Benin,2009,8944708
Benin,2010,9199259
Benin,2011,9460830
Benin,2012,9729248
Benin,2013,10004588
Benin,2014,10286842
Benin,2015,10575952
Bermuda,2000,61833
Bermuda,2001,62504
Bermuda,2002,62912
Bermuda,2003,63325
Bermuda,2004,63740
Bermuda,2005,64154
Bermuda,2006,64523
Bermuda,2007,64888
Bermuda,2008,65273
Bermuda,2009,65636
Bermuda,2010,65124
Bermuda,2011,64564
Bermuda,2012,64798
Bermuda,2013,65001
Bermuda,2014,65138
Bermuda,2015,65237
Bhutan,2000,591021
Bhutan,2001,603640
Bhutan,2002,616018
Bhutan,2003,627839
Bhutan,2004,638815
Bhutan,2005,648739
Bhutan,2006,657410
Bhutan,2007,664876
Bhutan,2008,671613
Bhutan,2009,678323
Bhutan,2010,685503
Bhutan,2011,693298
Bhutan,2012,701583
Bhutan,2013,710238
Bhutan,2014,719056
Bhutan,2015,727876
"Bolivia, Plurinational State of",2000,8418264
"Bolivia, Plurinational State of",2001,8580235
"Bolivia, Plurinational State of",2002,8742814
"Bolivia, Plurinational State of",2003,8905823
"Bolivia, Plurinational State of",2004,9069039
"Bolivia, Plurinational State of",2005,9232306
"Bolivia, Plurinational State of",2006,9395446
"Bolivia, Plurinational State of",2007,9558439
"Bolivia, Plurinational State of",2008,9721454
"Bolivia, Plurinational State of",2009,9884781
"Bolivia, Plurinational State of",2010,10048590
"Bolivia, Plurinational State of",2011,10212954
"Bolivia, Plurinational State of",2012,10377676
"Bolivia, Plurinational State of",2013,10542376
"Bolivia, Plurinational State of",2014,10706517
"Bolivia, Plurinational State of",2015,10869730
Bosnia and Herzegovina,2000,3751176
Bosnia and Herzegovina,2001,3755512
Bosnia and Herzegovina,2002,3759387
Bosnia and Herzegovina,2003,3762173
Bosnia and Herzegovina,2004,3764194
Bosnia and Herzegovina,2005,3765331
Bosnia and Herzegovina,2006,3765424
Bosnia and Herzegovina,2007,3762786
Bosnia and Herzegovina,2008,3754271
Bosnia and Herzegovina,2009,3735938
Bosnia and Herzegovina,2010,3705472
Bosnia and Herzegovina,2011,3661175
Bosnia and Herzegovina,2012,3604972
Bosnia and Herzegovina,2013,3542605
Bosnia and Herzegovina,2014,3482104
Bosnia and Herzegovina,2015,3429361
Botswana,2000,1643334
Botswana,2001,1674678
Botswana,2002,1704642
Botswana,2003,1734398
Botswana,2004,1765527
Botswana,2005,1799078
Botswana,2006,1835908
Botswana,2007,1875459
Botswana,2008,1915639
Botswana,2009,1953498
Botswana,2010,1987105
Botswana,2011,2015402
Botswana,2012,2039551
Botswana,2013,2062536
Botswana,2014,2088614
Botswana,2015,2120716
Brazil,2000,174790340
Brazil,2001,177196054
Brazil,2002,179537520
Brazil,2003,181809246
Brazil,2004,184006481
Brazil,2005,186127103
Brazil,2006,188167356
Brazil,2007,190130443
Brazil,2008,192030362
Brazil,2009,193886508
Brazil,2010,195713635
Brazil,2011,197514534
Brazil,2012,199287296
Brazil,2013,201035903
Brazil,2014,202763735
Brazil,2015,204471769
"Virgin Islands, British",2000,20311
"Virgin Islands, British",2001,20675
"Virgin Islands, British",2002,21129
"Virgin Islands, British",2003,21672
"Virgin Islands, British",2004,22334
"Virgin Islands, British",2005,23107
"Virgin Islands, British",2006,24023
"Virgin Islands, British",2007,25047
"Virgin Islands, British",2008,26097
"Virgin Islands, British",2009,27039
"Virgin Islands, British",2010,27794
"Virgin Islands, British",2011,28319
"Virgin Islands, British",2012,28650
"Virgin Islands, British",2013,28847
"Virgin Islands, British",2014,28989
"Virgin Islands, British",2015,29152
Brunei Darussalam,2000,333165
Brunei Darussalam,2001,340034
Brunei Darussalam,2002,346782
Brunei Darussalam,2003,353293
Brunei Darussalam,2004,359433
Brunei Darussalam,2005,365114
Brunei Darussalam,2006,370263
Brunei Darussalam,2007,374965
Brunei Darussalam,2008,379421
Brunei Darussalam,2009,383906
Brunei Darussalam,2010,388646
Brunei Darussalam,2011,393688
Brunei Darussalam,2012,398989
Brunei Darussalam,2013,404421
Brunei Darussalam,2014,409769
Brunei Darussalam,2015,414907
Bulgaria,2000,8170172
Bulgaria,2001,8009142
Bulgaria,2002,7837161
Bulgaria,2003,7775327
Bulgaria,2004,7716860
Bulgaria,2005,7658972
Bulgaria,2006,7601022
Bulgaria,2007,7545338
Bulgaria,2008,7492561
Bulgaria,2009,7444443
Bulgaria,2010,7395599
Bulgaria,2011,7348328
Bulgaria,2012,7305888
Bulgaria,2013,7265115
Bulgaria,2014,7223938
Bulgaria,2015,7177991
Burkina Faso,2000,11607942
Burkina Faso,2001,11944587
Burkina Faso,2002,12293100
Burkina Faso,2003,12654621
Burkina Faso,2004,13030569
Burkina Faso,2005,13421930
Burkina Faso,2006,13829176
Burkina Faso,2007,14252021
Burkina Faso,2008,14689725
Burkina Faso,2009,15141098
Burkina Faso,2010,15605217
Burkina Faso,2011,16081911
Burkina Faso,2012,16571246
Burkina Faso,2013,17072775
Burkina Faso,2014,17586017
Burkina Faso,2015,18110624
Burundi,2000,6378871
Burundi,2001,6525545
Burundi,2002,6704113
Burundi,2003,6909154
Burundi,2004,7131693
Burundi,2005,7364862
Burundi,2006,7607849
Burundi,2007,7862214
Burundi,2008,8126102
Burundi,2009,8397668
Burundi,2010,8675602
Burundi,2011,8958406
Burundi,2012,9245988
Burundi,2013,9540289
Burundi,2014,9844297
Burundi,2015,10160030
Cape Verde,2000,428188
Cape Verde,2001,435709
Cape Verde,2002,442951
Cape Verde,2003,449930
Cape Verde,2004,456617
Cape Verde,2005,463032
Cape Verde,2006,469170
Cape Verde,2007,475060
Cape Verde,2008,480842
Cape Verde,2009,486671
Cape Verde,2010,492654
Cape Verde,2011,498856
Cape Verde,2012,505235
Cape Verde,2013,511748
Cape Verde,2014,518269
Cape Verde,2015,524743
Cambodia,2000,12155239
Cambodia,2001,12405408
Cambodia,2002,12637727
Cambodia,2003,12856163
Cambodia,2004,13066469
Cambodia,2005,13273354
Cambodia,2006,13477709
Cambodia,2007,13679962
Cambodia,2008,13883834
Cambodia,2009,14093604
Cambodia,2010,14312212
Cambodia,2011,14541423
Cambodia,2012,14780454
Cambodia,2013,15026332
Cambodia,2014,15274503
Cambodia,2015,15521436
Cameroon,2000,15513945
Cameroon,2001,15928910
Cameroon,2002,16357602
Cameroon,2003,16800865
Cameroon,2004,17259322
Cameroon,2005,17733410
Cameroon,2006,18223674
Cameroon,2007,18730282
Cameroon,2008,19252666
Cameroon,2009,19789919
Cameroon,2010,20341241
Cameroon,2011,20906388
Cameroon,2012,21485266
Cameroon,2013,22077298
Cameroon,2014,22681858
Cameroon,2015,23298368
Canada,2000,30685730
Canada,2001,31020902
Canada,2002,31360079
Canada,2003,31644028
Canada,2004,31940655
Canada,2005,32243753
Canada,2006,32571174
Canada,2007,32889025
Canada,2008,33247118
Canada,2009,33628895
Canada,2010,34004889
Canada,2011,34339328
Canada,2012,34714222
Canada,2013,35082954
Canada,2014,35437435
Canada,2015,35702908
Cayman Islands,2000,42303
Cayman Islands,2001,43935
Cayman Islands,2002,45351
Cayman Islands,2003,46632
Cayman Islands,2004,47902
Cayman Islands,2005,49261
Cayman Islands,2006,50740
Cayman Islands,2007,52280
Cayman Islands,2008,53836
Cayman Islands,2009,55322
Cayman Islands,2010,56672
Cayman Islands,2011,57878
Cayman Islands,2012,58958
Cayman Islands,2013,59932
Cayman Islands,2014,60848
Cayman Islands,2015,61724
Central African Republic,2000,3640427
Central African Republic,2001,3722018
Central African Republic,2002,3802128
Central African Republic,2003,3881181
Central African Republic,2004,3959875
Central African Republic,2005,4038382
Central African Republic,2006,4118069
Central African Republic,2007,4198010
Central African Republic,2008,4273366
Central African Republic,2009,4337625
Central African Republic,2010,4386768
Central African Republic,2011,4418636
Central African Republic,2012,4436415
Central African Republic,2013,4447942
Central African Republic,2014,4464175
Central African Republic,2015,4493170
Chad,2000,8355654
Chad,2001,8678051
Chad,2002,9019233
Chad,2003,9373916
Chad,2004,9734767
Chad,2005,10096633
Chad,2006,10457124
Chad,2007,10818024
Chad,2008,11183588
Chad,2009,11560147
Chad,2010,11952136
Chad,2011,12360989
Chad,2012,12784750
Chad,2013,13220424
Chad,2014,13663559
Chad,2015,14110975
Channel Islands,2000,148443
Channel Islands,2001,149097
Channel Islands,2002,149596
Channel Islands,2003,150068
Channel Islands,2004,150716
Channel Islands,2005,151678
Channel Islands,2006,153008
Channel Islands,2007,154636
Channel Islands,2008,156433
Channel Islands,2009,158178
Channel Islands,2010,159734
Channel Islands,2011,160998
Channel Islands,2012,162056
Channel Islands,2013,163038
Channel Islands,2014,164100
Channel Islands,2015,165385
Chile,2000,15342353
Chile,2001,15516113
Chile,2002,15684409
Chile,2003,15849652
Chile,2004,16014971
Chile,2005,16182721
Chile,2006,16354504
Chile,2007,16530195
Chile,2008,16708258
Chile,2009,16886186
Chile,2010,17062536
Chile,2011,17233576
Chile,2012,17400347
Chile,2013,17571507
Chile,2014,17758959
Chile,2015,17969353
China,2000,1262645000
China,2001,1271850000
China,2002,1280400000
China,2003,1288400000
China,2004,1296075000
China,2005,1303720000
China,2006,1311020000
China,2007,1317885000
China,2008,1324655000
China,2009,1331260000
China,2010,1337705000
China,2011,1344130000
China,2012,1350695000
China,2013,1357380000
China,2014,1364270000
China,2015,1371220000
Colombia,2000,39629965
Colombia,2001,40255956
Colombia,2002,40875363
Colombia,2003,41483872
Colombia,2004,42075953
Colombia,2005,42647731
Colombia,2006,43200901
Colombia,2007,43737512
Colombia,2008,44254972
Colombia,2009,44750054
Colombia,2010,45222699
Colombia,2011,45662747
Colombia,2012,46075721
Colombia,2013,46495492
Colombia,2014,46967706
Colombia,2015,47520667
Comoros,2000,542357
Comoros,2001,555888
Comoros,2002,569479
Comoros,2003,583211
Comoros,2004,597228
Comoros,2005,611627
Comoros,2006,626425
Comoros,2007,641620
Comoros,2008,657229
Comoros,2009,673252
Comoros,2010,689692
Comoros,2011,706569
Comoros,2012,723871
Comoros,2013,741505
Comoros,2014,759390
Comoros,2015,777424
"Congo, the Democratic Republic of the",2000,47105826
"Congo, the Democratic Republic of the",2001,48428545
"Congo, the Democratic Republic of the",2002,49871666
"Congo, the Democratic Republic of the",2003,51425580
"Congo, the Democratic Republic of the",2004,53068880
"Congo, the Democratic Republic of the",2005,54785903
"Congo, the Democratic Republic of the",2006,56578037
"Congo, the Democratic Republic of the",2007,58453683
"Congo, the Democratic Republic of the",2008,60411195
"Congo, the Democratic Republic of the",2009,62448574
"Congo, the Democratic Republic of the",2010,64563854
"Congo, the Democratic Republic of the",2011,66755153
"Congo, the Democratic Republic of the",2012,69020747
"Congo, the Democratic Republic of the",2013,71358807
"Congo, the Democratic Republic of the",2014,73767447
"Congo, the Democratic Republic of the",2015,76244544
Congo,2000,3127411
Congo,2001,3217933
Congo,2002,3310387
Congo,2003,3406922
Congo,2004,3510468
Congo,2005,3622775
Congo,2006,3745141
Congo,2007,3876119
Congo,2008,4011486
Congo,2009,4145391
Congo,2010,4273731
Congo,2011,4394844
Congo,2012,4510198
Congo,2013,4622761
Congo,2014,4736974
Congo,2015,4856095
Costa Rica,2000,3962372
Costa Rica,2001,4034074
Costa Rica,2002,4100925
Costa Rica,2003,4164053
Costa Rica,2004,4225155
Costa Rica,2005,4285502
Costa Rica,2006,4345412
Costa Rica,2007,4404628
Costa Rica,2008,4463125
Costa Rica,2009,4520740
Costa Rica,2010,4577378
Costa Rica,2011,4633086
Costa Rica,2012,4688000
Costa Rica,2013,4742107
Costa Rica,2014,4795396
Costa Rica,2015,4847804
Côte d'Ivoire,2000,16454668
Côte d'Ivoire,2001,16853026
Côte d'Ivoire,2002,17231539
Côte d'Ivoire,2003,17599610
Côte d'Ivoire,2004,17970494
Côte d'Ivoire,2005,18354514
Côte d'Ivoire,2006,18754916
Côte d'Ivoire,2007,19171237
Côte d'Ivoire,2008,19605569
Côte d'Ivoire,2009,20059147
Côte d'Ivoire,2010,20532950
Côte d'Ivoire,2011,21028655
Côte d'Ivoire,2012,21547188
Côte d'Ivoire,2013,22087505
Côte d'Ivoire,2014,22647683
Côte d'Ivoire,2015,23226143
Croatia,2000,4468302
Croatia,2001,4299642
Croatia,2002,4302174
Croatia,2003,4303399
Croatia,2004,4304600
Croatia,2005,4310145
Croatia,2006,4311159
Croatia,2007,4310217
Croatia,2008,4309705
Croatia,2009,4305181
Croatia,2010,4295427
Croatia,2011,4280622
Croatia,2012,4267558
Croatia,2013,4255689
Croatia,2014,4238389
Croatia,2015,4203604
Cuba,2000,11126430
Cuba,2001,11164667
Cuba,2002,11199651
Cuba,2003,11229183
Cuba,2004,11250365
Cuba,2005,11261582
Cuba,2006,11261248
Cuba,2007,11251122
Cuba,2008,11236971
Cuba,2009,11226709
Cuba,2010,11225832
Cuba,2011,11236670
Cuba,2012,11257101
Cuba,2013,11282720
Cuba,2014,11306902
Cuba,2015,11324781
Curaçao,2000,133860
Curaçao,2001,129047
Curaçao,2002,129205
Curaçao,2003,131897
Curaçao,2004,134192
Curaçao,2005,137658
Curaçao,2006,141239
Curaçao,2007,144056
Curaçao,2008,145880
Curaçao,2009,146833
Curaçao,2010,148703
Curaçao,2011,150831
Curaçao,2012,152088
Curaçao,2013,153822
Curaçao,2014,155909
Curaçao,2015,157980
Cyprus,2000,943290
Cyprus,2001,960276
Cyprus,2002,976964
Cyprus,2003,993563
Cyprus,2004,1010408
Cyprus,2005,1027662
Cyprus,2006,1045507
Cyprus,2007,1063713
Cyprus,2008,1081563
Cyprus,2009,1098083
Cyprus,2010,1112612
Cyprus,2011,1124833
Cyprus,2012,1135046
Cyprus,2013,1143866
Cyprus,2014,1152285
Cyprus,2015,1160985
Czech Republic,2000,10255063
Czech Republic,2001,10216605
Czech Republic,2002,10196916
Czech Republic,2003,10193998
Czech Republic,2004,10197101
Czech Republic,2005,10211216
Czech Republic,2006,10238905
Czech Republic,2007,10298828
Czech Republic,2008,10384603
Czech Republic,2009,10443936
Czech Republic,2010,10474410
Czech Republic,2011,10496088
Czech Republic,2012,10510785
Czech Republic,2013,10514272
Czech Republic,2014,10525347
Czech Republic,2015,10546059
Denmark,2000,5339616
Denmark,2001,5358783
Denmark,2002,5375931
Denmark,2003,5390574
Denmark,2004,5404523
Denmark,2005,5419432
Denmark,2006,5437272
Denmark,2007,5461438
Denmark,2008,5493621
Denmark,2009,5523095
Denmark,2010,5547683
Denmark,2011,5570572
Denmark,2012,5591572
Denmark,2013,5614932
Denmark,2014,5643475
Denmark,2015,5683483
Djibouti,2000,717584
Djibouti,2001,733015
Djibouti,2002,746942
Djibouti,2003,759641
Djibouti,2004,771603
Djibouti,2005,783254
Djibouti,2006,794563
Djibouti,2007,805451
Djibouti,2008,816358
Djibouti,2009,827823
Djibouti,2010,840198
Djibouti,2011,853674
Djibouti,2012,868136
Djibouti,2013,883293
Djibouti,2014,898696
Djibouti,2015,913993
Dominica,2000,69650
Dominica,2001,69661
Dominica,2002,69837
Dominica,2003,70100
Dominica,2004,70382
Dominica,2005,70589
Dominica,2006,70718
Dominica,2007,70795
Dominica,2008,70827
Dominica,2009,70851
Dominica,2010,70878
Dominica,2011,70916
Dominica,2012,70965
Dominica,2013,71016
Dominica,2014,71085
Dominica,2015,71183
Dominican Republic,2000,8471321
Dominican Republic,2001,8598601
Dominican Republic,2002,8724975
Dominican Republic,2003,8850317
Dominican Republic,2004,8974444
Dominican Republic,2005,9097257
Dominican Republic,2006,9218686
Dominican Republic,2007,9338861
Dominican Republic,2008,9458075
Dominican Republic,2009,9576737
Dominican Republic,2010,9695121
Dominican Republic,2011,9813210
Dominican Republic,2012,9930911
Dominican Republic,2013,10048224
Dominican Republic,2014,10165178
Dominican Republic,2015,10281680
Ecuador,2000,12681123
Ecuador,2001,12914667
Ecuador,2002,13143465
Ecuador,2003,13369678
Ecuador,2004,13596388
Ecuador,2005,13825847
Ecuador,2006,14059384
Ecuador,2007,14296557
Ecuador,2008,14535739
Ecuador,2009,14774424
Ecuador,2010,15011117
Ecuador,2011,15243883
Ecuador,2012,15474102
Ecuador,2013,15707474
Ecuador,2014,15951838
Ecuador,2015,16212020
Egypt,2000,68831561
Egypt,2001,70152661
Egypt,2002,71485043
Egypt,2003,72826097
Egypt,2004,74172073
Egypt,2005,75523569
Egypt,2006,76873663
Egypt,2007,78232126
Egypt,2008,79636079
Egypt,2009,81134798
Egypt,2010,82761235
Egypt,2011,84529250
Egypt,2012,86422240
Egypt,2013,88404640
Egypt,2014,90424654
Egypt,2015,92442547
El Salvador,2000,5887936
El Salvador,2001,5927006
El Salvador,2002,5962136
El Salvador,2003,5994077
El Salvador,2004,6023797
El Salvador,2005,6052123
El Salvador,2006,6079399
El Salvador,2007,6105810
El Salvador,2008,6131764
El Salvador,2009,6157686
El Salvador,2010,6183875
El Salvador,2011,6210568
El Salvador,2012,6237923
El Salvador,2013,6266070
El Salvador,2014,6295128
El Salvador,2015,6325124
Equatorial Guinea,2000,606181
Equatorial Guinea,2001,631666
Equatorial Guinea,2002,658384
Equatorial Guinea,2003,686664
Equatorial Guinea,2004,716949
Equatorial Guinea,2005,749535
Equatorial Guinea,2006,784496
Equatorial Guinea,2007,821687
Equatorial Guinea,2008,860840
Equatorial Guinea,2009,901599
Equatorial Guinea,2010,943639
Equatorial Guinea,2011,986853
Equatorial Guinea,2012,1031191
Equatorial Guinea,2013,1076413
Equatorial Guinea,2014,1122276
Equatorial Guinea,2015,1168568
Eritrea,2000,2292416
Eritrea,2001,2374722
Eritrea,2002,2481058
Eritrea,2003,2600973
Eritrea,2004,2719803
Eritrea,2005,2826659
Eritrea,2006,2918205
Eritrea,2007,2996536
Eritrea,2008,3062779
Eritrea,2009,3119920
Eritrea,2010,3170435
Eritrea,2011,3213972
Eritrea,2012,NA
Eritrea,2013,NA
Eritrea,2014,NA
Eritrea,2015,NA
Estonia,2000,1396985
Estonia,2001,1388115
Estonia,2002,1379350
Estonia,2003,1370720
Estonia,2004,1362550
Estonia,2005,1354775
Estonia,2006,1346810
Estonia,2007,1340680
Estonia,2008,1337090
Estonia,2009,1334515
Estonia,2010,1331475
Estonia,2011,1327439
Estonia,2012,1322696
Estonia,2013,1317997
Estonia,2014,1314545
Estonia,2015,1315407
Ethiopia,2000,66224804
Ethiopia,2001,68159423
Ethiopia,2002,70142091
Ethiopia,2003,72170584
Ethiopia,2004,74239505
Ethiopia,2005,76346311
Ethiopia,2006,78489206
Ethiopia,2007,80674348
Ethiopia,2008,82916235
Ethiopia,2009,85233913
Ethiopia,2010,87639964
Ethiopia,2011,90139927
Ethiopia,2012,92726971
Ethiopia,2013,95385785
Ethiopia,2014,98094253
Ethiopia,2015,100835458
Faroe Islands,2000,46735
Faroe Islands,2001,46997
Faroe Islands,2002,47233
Faroe Islands,2003,47432
Faroe Islands,2004,47600
Faroe Islands,2005,47722
Faroe Islands,2006,47792
Faroe Islands,2007,47825
Faroe Islands,2008,47820
Faroe Islands,2009,47808
Faroe Islands,2010,47814
Faroe Islands,2011,47823
Faroe Islands,2012,47843
Faroe Islands,2013,47892
Faroe Islands,2014,47960
Faroe Islands,2015,48051
Fiji,2000,811006
Fiji,2001,813925
Fiji,2002,815257
Fiji,2003,816076
Fiji,2004,817860
Fiji,2005,821604
Fiji,2006,827870
Fiji,2007,836190
Fiji,2008,845361
Fiji,2009,853637
Fiji,2010,859818
Fiji,2011,863449
Fiji,2012,865069
Fiji,2013,865608
Fiji,2014,866453
Fiji,2015,868627
Finland,2000,5176209
Finland,2001,5188008
Finland,2002,5200598
Finland,2003,5213014
Finland,2004,5228172
Finland,2005,5246096
Finland,2006,5266268
Finland,2007,5288720
Finland,2008,5313399
Finland,2009,5338871
Finland,2010,5363352
Finland,2011,5388272
Finland,2012,5413971
Finland,2013,5438972
Finland,2014,5461512
Finland,2015,5479531
France,2000,60912500
France,2001,61357430
France,2002,61805267
France,2003,62244886
France,2004,62704895
France,2005,63179351
France,2006,63621381
France,2007,64016225
France,2008,64374984
France,2009,64707040
France,2010,65027507
France,2011,65342780
France,2012,65659809
France,2013,65998687
France,2014,66312067
France,2015,66548272
French Polynesia,2000,240686
French Polynesia,2001,244931
French Polynesia,2002,248972
French Polynesia,2003,252703
French Polynesia,2004,255992
French Polynesia,2005,258780
French Polynesia,2006,261010
French Polynesia,2007,262721
French Polynesia,2008,264061
French Polynesia,2009,265254
French Polynesia,2010,266455
French Polynesia,2011,267698
French Polynesia,2012,268998
French Polynesia,2013,270328
French Polynesia,2014,271705
French Polynesia,2015,273124
Gabon,2000,1228360
Gabon,2001,1258003
Gabon,2002,1288315
Gabon,2003,1319953
Gabon,2004,1353795
Gabon,2005,1390549
Gabon,2006,1430152
Gabon,2007,1472575
Gabon,2008,1518540
Gabon,2009,1568928
Gabon,2010,1624140
Gabon,2011,1684635
Gabon,2012,1749682
Gabon,2013,1817071
Gabon,2014,1883800
Gabon,2015,1947686
Gambia,2000,1317703
Gambia,2001,1360074
Gambia,2002,1404261
Gambia,2003,1449925
Gambia,2004,1496527
Gambia,2005,1543741
Gambia,2006,1591445
Gambia,2007,1639848
Gambia,2008,1689285
Gambia,2009,1740279
Gambia,2010,1793196
Gambia,2011,1848147
Gambia,2012,1905011
Gambia,2013,1963711
Gambia,2014,2024042
Gambia,2015,2085860
Georgia,2000,4077131
Georgia,2001,4014373
Georgia,2002,3978515
Georgia,2003,3951736
Georgia,2004,3927340
Georgia,2005,3902469
Georgia,2006,3880347
Georgia,2007,3860158
Georgia,2008,3848449
Georgia,2009,3814419
Georgia,2010,3786695
Georgia,2011,3756441
Georgia,2012,3728874
Georgia,2013,3717668
Georgia,2014,3719414
Georgia,2015,3725276
Germany,2000,82211508
Germany,2001,82349925
Germany,2002,82488495
Germany,2003,82534176
Germany,2004,82516260
Germany,2005,82469422
Germany,2006,82376451
Germany,2007,82266372
Germany,2008,82110097
Germany,2009,81902307
Germany,2010,81776930
Germany,2011,80274983
Germany,2012,80425823
Germany,2013,80645605
Germany,2014,80982500
Germany,2015,81686611
Ghana,2000,19278856
Ghana,2001,19756928
Ghana,2002,20246381
Ghana,2003,20750299
Ghana,2004,21272323
Ghana,2005,21814642
Ghana,2006,22379055
Ghana,2007,22963946
Ghana,2008,23563825
Ghana,2009,24170940
Ghana,2010,24779619
Ghana,2011,25387710
Ghana,2012,25996449
Ghana,2013,26607642
Ghana,2014,27224472
Ghana,2015,27849205
Gibraltar,2000,31077
Gibraltar,2001,31602
Gibraltar,2002,32102
Gibraltar,2003,32555
Gibraltar,2004,32928
Gibraltar,2005,33219
Gibraltar,2006,33417
Gibraltar,2007,33517
Gibraltar,2008,33559
Gibraltar,2009,33565
Gibraltar,2010,33585
Gibraltar,2011,33612
Gibraltar,2012,33646
Gibraltar,2013,33692
Gibraltar,2014,33725
Gibraltar,2015,33736
Greece,2000,10805808
Greece,2001,10862132
Greece,2002,10902022
Greece,2003,10928070
Greece,2004,10955141
Greece,2005,10987314
Greece,2006,11020362
Greece,2007,11048473
Greece,2008,11077841
Greece,2009,11107017
Greece,2010,11121341
Greece,2011,11104899
Greece,2012,11045011
Greece,2013,10965211
Greece,2014,10892413
Greece,2015,10820883
Greenland,2000,56200
Greenland,2001,56350
Greenland,2002,56609
Greenland,2003,56765
Greenland,2004,56911
Greenland,2005,56935
Greenland,2006,56774
Greenland,2007,56555
Greenland,2008,56328
Greenland,2009,56323
Greenland,2010,56905
Greenland,2011,56890
Greenland,2012,56810
Greenland,2013,56483
Greenland,2014,56295
Greenland,2015,56114
Grenada,2000,102833
Grenada,2001,103249
Grenada,2002,103634
Grenada,2003,104005
Grenada,2004,104347
Grenada,2005,104661
Grenada,2006,104933
Grenada,2007,105190
Grenada,2008,105456
Grenada,2009,105789
Grenada,2010,106233
Grenada,2011,106796
Grenada,2012,107446
Grenada,2013,108170
Grenada,2014,108902
Grenada,2015,109599
Guam,2000,155329
Guam,2001,156401
Guam,2002,157176
Guam,2003,157717
Guam,2004,158101
Guam,2005,158402
Guam,2006,158648
Guam,2007,158847
Guam,2008,159036
Guam,2009,159226
Guam,2010,159444
Guam,2011,159692
Guam,2012,159996
Guam,2013,160407
Guam,2014,161016
Guam,2015,161853
Guatemala,2000,11589761
Guatemala,2001,11871565
Guatemala,2002,12147518
Guatemala,2003,12415334
Guatemala,2004,12682108
Guatemala,2005,12948292
Guatemala,2006,13213330
Guatemala,2007,13477017
Guatemala,2008,13739299
Guatemala,2009,14000190
Guatemala,2010,14259687
Guatemala,2011,14521515
Guatemala,2012,14781942
Guatemala,2013,15043981
Guatemala,2014,15306316
Guatemala,2015,15567419
Guinea,2000,8240730
Guinea,2001,8417081
Guinea,2002,8586074
Guinea,2003,8753093
Guinea,2004,8925743
Guinea,2005,9109581
Guinea,2006,9307425
Guinea,2007,9518162
Guinea,2008,9738792
Guinea,2009,9964469
Guinea,2010,10192176
Guinea,2011,10420471
Guinea,2012,10652029
Guinea,2013,10892810
Guinea,2014,11150977
Guinea,2015,11432088
Guinea-Bissau,2000,1201301
Guinea-Bissau,2001,1227106
Guinea-Bissau,2002,1254453
Guinea-Bissau,2003,1283305
Guinea-Bissau,2004,1313492
Guinea-Bissau,2005,1344930
Guinea-Bissau,2006,1377581
Guinea-Bissau,2007,1411543
Guinea-Bissau,2008,1446936
Guinea-Bissau,2009,1483921
Guinea-Bissau,2010,1522599
Guinea-Bissau,2011,1562989
Guinea-Bissau,2012,1604979
Guinea-Bissau,2013,1648257
Guinea-Bissau,2014,1692439
Guinea-Bissau,2015,1737202
Guyana,2000,746715
Guyana,2001,745206
Guyana,2002,744789
Guyana,2003,745143
Guyana,2004,745737
Guyana,2005,746163
Guyana,2006,746343
Guyana,2007,746474
Guyana,2008,746817
Guyana,2009,747718
Guyana,2010,749436
Guyana,2011,752028
Guyana,2012,755399
Guyana,2013,759285
Guyana,2014,763380
Guyana,2015,767432
Haiti,2000,8463806
Haiti,2001,8608819
Haiti,2002,8754150
Haiti,2003,8900104
Haiti,2004,9047077
Haiti,2005,9195288
Haiti,2006,9344785
Haiti,2007,9495328
Haiti,2008,9646580
Haiti,2009,9798046
Haiti,2010,9949322
Haiti,2011,10100320
Haiti,2012,10250930
Haiti,2013,10400673
Haiti,2014,10549008
Haiti,2015,10695542
Honduras,2000,6574509
Honduras,2001,6751912
Honduras,2002,6929265
Honduras,2003,7106319
Honduras,2004,7282953
Honduras,2005,7458985
Honduras,2006,7634298
Honduras,2007,7808518
Honduras,2008,7980955
Honduras,2009,8150775
Honduras,2010,8317470
Honduras,2011,8480671
Honduras,2012,8640691
Honduras,2013,8798521
Honduras,2014,8955589
Honduras,2015,9112916
Hong Kong,2000,6665000
Hong Kong,2001,6714300
Hong Kong,2002,6744100
Hong Kong,2003,6730800
Hong Kong,2004,6783500
Hong Kong,2005,6813200
Hong Kong,2006,6857100
Hong Kong,2007,6916300
Hong Kong,2008,6957800
Hong Kong,2009,6972800
Hong Kong,2010,7024200
Hong Kong,2011,7071600
Hong Kong,2012,7150100
Hong Kong,2013,7178900
Hong Kong,2014,7229500
Hong Kong,2015,7291300
Hungary,2000,10210971
Hungary,2001,10187576
Hungary,2002,10158608
Hungary,2003,10129552
Hungary,2004,10107146
Hungary,2005,10087065
Hungary,2006,10071370
Hungary,2007,10055780
Hungary,2008,10038188
Hungary,2009,10022650
Hungary,2010,10000023
Hungary,2011,9971727
Hungary,2012,9920362
Hungary,2013,9893082
Hungary,2014,9866468
Hungary,2015,9843028
Iceland,2000,281205
Iceland,2001,284968
Iceland,2002,287523
Iceland,2003,289521
Iceland,2004,292074
Iceland,2005,296734
Iceland,2006,303782
Iceland,2007,311566
Iceland,2008,317414
Iceland,2009,318499
Iceland,2010,318041
Iceland,2011,319014
Iceland,2012,320716
Iceland,2013,323764
Iceland,2014,327386
Iceland,2015,330815
India,2000,1056575549
India,2001,1075000085
India,2002,1093317189
India,2003,1111523144
India,2004,1129623456
India,2005,1147609927
India,2006,1165486291
India,2007,1183209472
India,2008,1200669765
India,2009,1217726215
India,2010,1234281170
India,2011,1250288729
India,2012,1265782790
India,2013,1280846129
India,2014,1295604184
India,2015,1310152403
Indonesia,2000,211513823
Indonesia,2001,214427417
Indonesia,2002,217357793
Indonesia,2003,220309469
Indonesia,2004,223285676
Indonesia,2005,226289470
Indonesia,2006,229318262
Indonesia,2007,232374245
Indonesia,2008,235469762
Indonesia,2009,238620563
Indonesia,2010,241834215
Indonesia,2011,245116206
Indonesia,2012,248452413
Indonesia,2013,251806402
Indonesia,2014,255129004
Indonesia,2015,258383256
"Iran, Islamic Republic of",2000,65623405
"Iran, Islamic Republic of",2001,66449112
"Iran, Islamic Republic of",2002,67284796
"Iran, Islamic Republic of",2003,68122938
"Iran, Islamic Republic of",2004,68951281
"Iran, Islamic Republic of",2005,69762347
"Iran, Islamic Republic of",2006,70554760
"Iran, Islamic Republic of",2007,71336475
"Iran, Islamic Republic of",2008,72120604
"Iran, Islamic Republic of",2009,72924837
"Iran, Islamic Republic of",2010,73762519
"Iran, Islamic Republic of",2011,74634956
"Iran, Islamic Republic of",2012,75539862
"Iran, Islamic Republic of",2013,76481943
"Iran, Islamic Republic of",2014,77465753
"Iran, Islamic Republic of",2015,78492215
Iraq,2000,23497585
Iraq,2001,24208180
Iraq,2002,24931919
Iraq,2003,25644499
Iraq,2004,26313838
Iraq,2005,26922284
Iraq,2006,27448124
Iraq,2007,27911248
Iraq,2008,28385746
Iraq,2009,28973162
Iraq,2010,29741976
Iraq,2011,30725300
Iraq,2012,31890011
Iraq,2013,33157050
Iraq,2014,34411951
Iraq,2015,35572261
Ireland,2000,3805174
Ireland,2001,3866243
Ireland,2002,3931947
Ireland,2003,3996521
Ireland,2004,4070262
Ireland,2005,4159914
Ireland,2006,4273591
Ireland,2007,4398942
Ireland,2008,4489544
Ireland,2009,4535375
Ireland,2010,4560155
Ireland,2011,4580084
Ireland,2012,4599533
Ireland,2013,4623816
Ireland,2014,4657740
Ireland,2015,4701957
Isle of Man,2000,76941
Isle of Man,2001,77703
Isle of Man,2002,78318
Isle of Man,2003,78884
Isle of Man,2004,79520
Isle of Man,2005,80305
Isle of Man,2006,81285
Isle of Man,2007,82408
Isle of Man,2008,83508
Isle of Man,2009,84376
Isle of Man,2010,84857
Isle of Man,2011,84886
Isle of Man,2012,84533
Isle of Man,2013,83976
Isle of Man,2014,83488
Isle of Man,2015,83234
Israel,2000,6289000
Israel,2001,6439000
Israel,2002,6570000
Israel,2003,6689700
Israel,2004,6809000
Israel,2005,6930100
Israel,2006,7053700
Israel,2007,7180100
Israel,2008,7308800
Israel,2009,7485600
Israel,2010,7623600
Israel,2011,7765800
Israel,2012,7910500
Israel,2013,8059500
Israel,2014,8215700
Israel,2015,8380100
Italy,2000,56942108
Italy,2001,56974100
Italy,2002,57059007
Italy,2003,57313203
Italy,2004,57685327
Italy,2005,57969484
Italy,2006,58143979
Italy,2007,58438310
Italy,2008,58826731
Italy,2009,59095365
Italy,2010,59277417
Italy,2011,59379449
Italy,2012,59539717
Italy,2013,60233948
Italy,2014,60789140
Italy,2015,60730582
Jamaica,2000,2654701
Jamaica,2001,2674702
Jamaica,2002,2692845
Jamaica,2003,2709437
Jamaica,2004,2725015
Jamaica,2005,2740003
Jamaica,2006,2754407
Jamaica,2007,2768227
Jamaica,2008,2781876
Jamaica,2009,2795837
Jamaica,2010,2810460
Jamaica,2011,2825929
Jamaica,2012,2842132
Jamaica,2013,2858709
Jamaica,2014,2875136
Jamaica,2015,2891021
Japan,2000,126843000
Japan,2001,127149000
Japan,2002,127445000
Japan,2003,127718000
Japan,2004,127761000
Japan,2005,127773000
Japan,2006,127854000
Japan,2007,128001000
Japan,2008,128063000
Japan,2009,128047000
Japan,2010,128070000
Japan,2011,127833000
Japan,2012,127629000
Japan,2013,127445000
Japan,2014,127276000
Japan,2015,127141000
Jordan,2000,5122493
Jordan,2001,5217336
Jordan,2002,5317506
Jordan,2003,5434030
Jordan,2004,5580244
Jordan,2005,5765635
Jordan,2006,5991540
Jordan,2007,6255280
Jordan,2008,6556478
Jordan,2009,6893260
Jordan,2010,7261539
Jordan,2011,7663131
Jordan,2012,8090872
Jordan,2013,8520420
Jordan,2014,8920049
Jordan,2015,9266575
Kazakhstan,2000,14883626
Kazakhstan,2001,14858335
Kazakhstan,2002,14858948
Kazakhstan,2003,14909018
Kazakhstan,2004,15012985
Kazakhstan,2005,15147029
Kazakhstan,2006,15308084
Kazakhstan,2007,15484192
Kazakhstan,2008,15674000
Kazakhstan,2009,16092822
Kazakhstan,2010,16321872
Kazakhstan,2011,16557201
Kazakhstan,2012,16792089
Kazakhstan,2013,17035550
Kazakhstan,2014,17288285
Kazakhstan,2015,17542806
Kenya,2000,31964557
Kenya,2001,32848564
Kenya,2002,33751739
Kenya,2003,34678779
Kenya,2004,35635271
Kenya,2005,36624895
Kenya,2006,37649033
Kenya,2007,38705932
Kenya,2008,39791981
Kenya,2009,40901792
Kenya,2010,42030676
Kenya,2011,43178257
Kenya,2012,44343410
Kenya,2013,45519889
Kenya,2014,46699981
Kenya,2015,47878336
Kiribati,2000,84396
Kiribati,2001,85849
Kiribati,2002,87305
Kiribati,2003,88835
Kiribati,2004,90499
Kiribati,2005,92325
Kiribati,2006,94343
Kiribati,2007,96527
Kiribati,2008,98761
Kiribati,2009,100930
Kiribati,2010,102927
Kiribati,2011,104728
Kiribati,2012,106370
Kiribati,2013,107890
Kiribati,2014,109391
Kiribati,2015,110930
"Korea, Democratic People's Republic of",2000,22929075
"Korea, Democratic People's Republic of",2001,23132980
"Korea, Democratic People's Republic of",2002,23339453
"Korea, Democratic People's Republic of",2003,23542426
"Korea, Democratic People's Republic of",2004,23732731
"Korea, Democratic People's Republic of",2005,23904167
"Korea, Democratic People's Republic of",2006,24054864
"Korea, Democratic People's Republic of",2007,24188331
"Korea, Democratic People's Republic of",2008,24310142
"Korea, Democratic People's Republic of",2009,24428341
"Korea, Democratic People's Republic of",2010,24548836
"Korea, Democratic People's Republic of",2011,24673385
"Korea, Democratic People's Republic of",2012,24800612
"Korea, Democratic People's Republic of",2013,24929452
"Korea, Democratic People's Republic of",2014,25057752
"Korea, Democratic People's Republic of",2015,25183833
"Korea, Republic of",2000,47008111
"Korea, Republic of",2001,47370164
"Korea, Republic of",2002,47644736
"Korea, Republic of",2003,47892330
"Korea, Republic of",2004,48082519
"Korea, Republic of",2005,48184561
"Korea, Republic of",2006,48438292
"Korea, Republic of",2007,48683638
"Korea, Republic of",2008,49054708
"Korea, Republic of",2009,49307835
"Korea, Republic of",2010,49554112
"Korea, Republic of",2011,49936638
"Korea, Republic of",2012,50199853
"Korea, Republic of",2013,50428893
"Korea, Republic of",2014,50746659
"Korea, Republic of",2015,51014947
Kosovo,2000,1700000
Kosovo,2001,1701154
Kosovo,2002,1702310
Kosovo,2003,1703466
Kosovo,2004,1704622
Kosovo,2005,1705780
Kosovo,2006,1719536
Kosovo,2007,1733404
Kosovo,2008,1747383
Kosovo,2009,1761474
Kosovo,2010,1775680
Kosovo,2011,1791000
Kosovo,2012,1807106
Kosovo,2013,1818117
Kosovo,2014,1812771
Kosovo,2015,1788196
Kuwait,2000,2045123
Kuwait,2001,2103282
Kuwait,2002,2136997
Kuwait,2003,2161626
Kuwait,2004,2200492
Kuwait,2005,2270198
Kuwait,2006,2373672
Kuwait,2007,2504019
Kuwait,2008,2656009
Kuwait,2009,2821045
Kuwait,2010,2991884
Kuwait,2011,3168060
Kuwait,2012,3348853
Kuwait,2013,3526376
Kuwait,2014,3690941
Kuwait,2015,3835591
Kyrgyzstan,2000,4898400
Kyrgyzstan,2001,4945100
Kyrgyzstan,2002,4990700
Kyrgyzstan,2003,5043300
Kyrgyzstan,2004,5104700
Kyrgyzstan,2005,5162600
Kyrgyzstan,2006,5218400
Kyrgyzstan,2007,5268400
Kyrgyzstan,2008,5318700
Kyrgyzstan,2009,5383300
Kyrgyzstan,2010,5447900
Kyrgyzstan,2011,5514600
Kyrgyzstan,2012,5607200
Kyrgyzstan,2013,5719600
Kyrgyzstan,2014,5835500
Kyrgyzstan,2015,5956900
Lao People's Democratic Republic,2000,5323700
Lao People's Democratic Republic,2001,5409582
Lao People's Democratic Republic,2002,5493246
Lao People's Democratic Republic,2003,5576640
Lao People's Democratic Republic,2004,5662208
Lao People's Democratic Republic,2005,5751676
Lao People's Democratic Republic,2006,5846074
Lao People's Democratic Republic,2007,5944948
Lao People's Democratic Republic,2008,6046620
Lao People's Democratic Republic,2009,6148623
Lao People's Democratic Republic,2010,6249165
Lao People's Democratic Republic,2011,6347567
Lao People's Democratic Republic,2012,6444530
Lao People's Democratic Republic,2013,6541304
Lao People's Democratic Republic,2014,6639756
Lao People's Democratic Republic,2015,6741164
Latvia,2000,2367550
Latvia,2001,2337170
Latvia,2002,2310173
Latvia,2003,2287955
Latvia,2004,2263122
Latvia,2005,2238799
Latvia,2006,2218357
Latvia,2007,2200325
Latvia,2008,2177322
Latvia,2009,2141669
Latvia,2010,2097555
Latvia,2011,2059709
Latvia,2012,2034319
Latvia,2013,2012647
Latvia,2014,1993782
Latvia,2015,1977527
Lebanon,2000,3842778
Lebanon,2001,3991001
Lebanon,2002,4182205
Lebanon,2003,4388375
Lebanon,2004,4569378
Lebanon,2005,4698763
Lebanon,2006,4759753
Lebanon,2007,4767344
Lebanon,2008,4764741
Lebanon,2009,4813026
Lebanon,2010,4953061
Lebanon,2011,5202343
Lebanon,2012,5538634
Lebanon,2013,5914621
Lebanon,2014,6262410
Lebanon,2015,6532678
Lesotho,2000,2032804
Lesotho,2001,2035740
Lesotho,2002,2029829
Lesotho,2003,2018348
Lesotho,2004,2005940
Lesotho,2005,1996114
Lesotho,2006,1989939
Lesotho,2007,1986922
Lesotho,2008,1987129
Lesotho,2009,1990131
Lesotho,2010,1995581
Lesotho,2011,2003787
Lesotho,2012,2014990
Lesotho,2013,2028519
Lesotho,2014,2043437
Lesotho,2015,2059021
Liberia,2000,2848456
Liberia,2001,2953927
Liberia,2002,3024729
Liberia,2003,3077058
Liberia,2004,3135651
Liberia,2005,3218116
Liberia,2006,3329211
Liberia,2007,3461911
Liberia,2008,3607860
Liberia,2009,3754133
Liberia,2010,3891356
Liberia,2011,4017443
Liberia,2012,4135659
Liberia,2013,4248334
Liberia,2014,4359505
Liberia,2015,4472230
Libya,2000,5357891
Libya,2001,5443248
Libya,2002,5531089
Libya,2003,5620547
Libya,2004,5710154
Libya,2005,5798614
Libya,2006,5886872
Libya,2007,5974787
Libya,2008,6058748
Libya,2009,6133984
Libya,2010,6197663
Libya,2011,6247439
Libya,2012,6285750
Libya,2013,6320359
Libya,2014,6362037
Libya,2015,6418315
Liechtenstein,2000,33184
Liechtenstein,2001,33552
Liechtenstein,2002,33879
Liechtenstein,2003,34175
Liechtenstein,2004,34452
Liechtenstein,2005,34713
Liechtenstein,2006,34970
Liechtenstein,2007,35217
Liechtenstein,2008,35471
Liechtenstein,2009,35727
Liechtenstein,2010,35994
Liechtenstein,2011,36293
Liechtenstein,2012,36615
Liechtenstein,2013,36934
Liechtenstein,2014,37223
Liechtenstein,2015,37470
Lithuania,2000,3499536
Lithuania,2001,3470818
Lithuania,2002,3443067
Lithuania,2003,3415213
Lithuania,2004,3377075
Lithuania,2005,3322528
Lithuania,2006,3269909
Lithuania,2007,3231294
Lithuania,2008,3198231
Lithuania,2009,3162916
Lithuania,2010,3097282
Lithuania,2011,3028115
Lithuania,2012,2987773
Lithuania,2013,2957689
Lithuania,2014,2932367
Lithuania,2015,2904910
Luxembourg,2000,436300
Luxembourg,2001,441525
Luxembourg,2002,446175
Luxembourg,2003,451630
Luxembourg,2004,458095
Luxembourg,2005,465158
Luxembourg,2006,472637
Luxembourg,2007,479993
Luxembourg,2008,488650
Luxembourg,2009,497783
Luxembourg,2010,506953
Luxembourg,2011,518347
Luxembourg,2012,530946
Luxembourg,2013,543360
Luxembourg,2014,556319
Luxembourg,2015,569604
Macao,2000,427782
Macao,2001,437938
Macao,2002,448821
Macao,2003,460165
Macao,2004,471597
Macao,2005,482858
Macao,2006,493799
Macao,2007,504511
Macao,2008,515239
Macao,2009,526400
Macao,2010,538219
Macao,2011,550832
Macao,2012,564039
Macao,2013,577372
Macao,2014,590208
Macao,2015,602085
North Macedonia,2000,2034819
North Macedonia,2001,2042842
North Macedonia,2002,2048928
North Macedonia,2003,2053426
North Macedonia,2004,2057048
North Macedonia,2005,2060273
North Macedonia,2006,2063131
North Macedonia,2007,2065426
North Macedonia,2008,2067313
North Macedonia,2009,2069039
North Macedonia,2010,2070741
North Macedonia,2011,2072487
North Macedonia,2012,2074278
North Macedonia,2013,2076067
North Macedonia,2014,2077775
North Macedonia,2015,2079328
Madagascar,2000,15766806
Madagascar,2001,16260932
Madagascar,2002,16765117
Madagascar,2003,17279141
Madagascar,2004,17802997
Madagascar,2005,18336724
Madagascar,2006,18880269
Madagascar,2007,19433530
Madagascar,2008,19996473
Madagascar,2009,20569117
Madagascar,2010,21151640
Madagascar,2011,21743967
Madagascar,2012,22346641
Madagascar,2013,22961253
Madagascar,2014,23589887
Madagascar,2015,24234088
Malawi,2000,11148758
Malawi,2001,11432000
Malawi,2002,11713664
Malawi,2003,12000181
Malawi,2004,12301838
Malawi,2005,12625952
Malawi,2006,12973699
Malawi,2007,13341806
Malawi,2008,13727890
Malawi,2009,14128155
Malawi,2010,14539612
Malawi,2011,14962112
Malawi,2012,15396005
Malawi,2013,15839269
Malawi,2014,16289540
Malawi,2015,16745303
Malaysia,2000,23194257
Malaysia,2001,23709119
Malaysia,2002,24208391
Malaysia,2003,24698819
Malaysia,2004,25190652
Malaysia,2005,25690611
Malaysia,2006,26201961
Malaysia,2007,26720370
Malaysia,2008,27236006
Malaysia,2009,27735040
Malaysia,2010,28208035
Malaysia,2011,28650955
Malaysia,2012,29068159
Malaysia,2013,29468872
Malaysia,2014,29866559
Malaysia,2015,30270962
Maldives,2000,279398
Maldives,2001,286306
Maldives,2002,294186
Maldives,2003,302683
Maldives,2004,311265
Maldives,2005,319608
Maldives,2006,327487
Maldives,2007,335169
Maldives,2008,343452
Maldives,2009,353398
Maldives,2010,365734
Maldives,2011,380495
Maldives,2012,397237
Maldives,2013,415593
Maldives,2014,435015
Maldives,2015,454915
Mali,2000,10946445
Mali,2001,11271600
Mali,2002,11616887
Mali,2003,11982695
Mali,2004,12369070
Mali,2005,12775516
Mali,2006,13203378
Mali,2007,13651464
Mali,2008,14113577
Mali,2009,14581429
Mali,2010,15049353
Mali,2011,15514591
Mali,2012,15979499
Mali,2013,16449864
Mali,2014,16934220
Mali,2015,17438778
Malta,2000,390087
Malta,2001,393028
Malta,2002,395969
Malta,2003,398582
Malta,2004,401268
Malta,2005,403834
Malta,2006,405308
Malta,2007,406724
Malta,2008,409379
Malta,2009,412477
Malta,2010,414508
Malta,2011,416268
Malta,2012,420028
Malta,2013,425967
Malta,2014,434558
Malta,2015,445053
Marshall Islands,2000,50753
Marshall Islands,2001,51422
Marshall Islands,2002,52370
Marshall Islands,2003,53456
Marshall Islands,2004,54476
Marshall Islands,2005,55258
Marshall Islands,2006,55767
Marshall Islands,2007,56051
Marshall Islands,2008,56174
Marshall Islands,2009,56250
Marshall Islands,2010,56366
Marshall Islands,2011,56531
Marshall Islands,2012,56717
Marshall Islands,2013,56938
Marshall Islands,2014,57179
Marshall Islands,2015,57439
Mauritania,2000,2630219
Mauritania,2001,2702400
Mauritania,2002,2778099
Mauritania,2003,2857148
Mauritania,2004,2939247
Mauritania,2005,3024194
Mauritania,2006,3111906
Mauritania,2007,3202517
Mauritania,2008,3296238
Mauritania,2009,3393409
Mauritania,2010,3494195
Mauritania,2011,3598648
Mauritania,2012,3706554
Mauritania,2013,3817494
Mauritania,2014,3930896
Mauritania,2015,4046301
Mauritius,2000,1186873
Mauritius,2001,1196287
Mauritius,2002,1204621
Mauritius,2003,1213370
Mauritius,2004,1221003
Mauritius,2005,1228254
Mauritius,2006,1233996
Mauritius,2007,1239630
Mauritius,2008,1244121
Mauritius,2009,1247429
Mauritius,2010,1250400
Mauritius,2011,1252404
Mauritius,2012,1255882
Mauritius,2013,1258653
Mauritius,2014,1260934
Mauritius,2015,1262605
Mexico,2000,98899845
Mexico,2001,100298153
Mexico,2002,101684758
Mexico,2003,103081020
Mexico,2004,104514932
Mexico,2005,106005203
Mexico,2006,107560153
Mexico,2007,109170502
Mexico,2008,110815271
Mexico,2009,112463887
Mexico,2010,114092963
Mexico,2011,115695473
Mexico,2012,117274155
Mexico,2013,118827161
Mexico,2014,120355128
Mexico,2015,121858258
"Micronesia, Federated States of",2000,107402
"Micronesia, Federated States of",2001,107173
"Micronesia, Federated States of",2002,107030
"Micronesia, Federated States of",2003,106901
"Micronesia, Federated States of",2004,106625
"Micronesia, Federated States of",2005,106129
"Micronesia, Federated States of",2006,105371
"Micronesia, Federated States of",2007,104444
"Micronesia, Federated States of",2008,103543
"Micronesia, Federated States of",2009,102975
"Micronesia, Federated States of",2010,102911
"Micronesia, Federated States of",2011,103450
"Micronesia, Federated States of",2012,104506
"Micronesia, Federated States of",2013,105926
"Micronesia, Federated States of",2014,107446
"Micronesia, Federated States of",2015,108895
"Moldova, Republic of",2000,2923783
"Moldova, Republic of",2001,2917252
"Moldova, Republic of",2002,2910504
"Moldova, Republic of",2003,2902320
"Moldova, Republic of",2004,2895147
"Moldova, Republic of",2005,2888111
"Moldova, Republic of",2006,2880095
"Moldova, Republic of",2007,2873429
"Moldova, Republic of",2008,2867964
"Moldova, Republic of",2009,2864346
"Moldova, Republic of",2010,2861487
"Moldova, Republic of",2011,2859833
"Moldova, Republic of",2012,2859458
"Moldova, Republic of",2013,2858692
"Moldova, Republic of",2014,2856950
"Moldova, Republic of",2015,2834530
Monaco,2000,32147
Monaco,2001,32470
Monaco,2002,32806
Monaco,2003,33153
Monaco,2004,33500
Monaco,2005,33843
Monaco,2006,34190
Monaco,2007,34525
Monaco,2008,34872
Monaco,2009,35226
Monaco,2010,35612
Monaco,2011,36024
Monaco,2012,36460
Monaco,2013,36901
Monaco,2014,37322
Monaco,2015,37718
Mongolia,2000,2397418
Mongolia,2001,2419588
Mongolia,2002,2443271
Mongolia,2003,2468762
Mongolia,2004,2496391
Mongolia,2005,2526424
Mongolia,2006,2558856
Mongolia,2007,2593820
Mongolia,2008,2631898
Mongolia,2009,2673796
Mongolia,2010,2719896
Mongolia,2011,2770362
Mongolia,2012,2824699
Mongolia,2013,2881792
Mongolia,2014,2940108
Mongolia,2015,2998439
Montenegro,2000,604950
Montenegro,2001,607389
Montenegro,2002,609828
Montenegro,2003,612267
Montenegro,2004,613353
Montenegro,2005,614261
Montenegro,2006,615025
Montenegro,2007,615875
Montenegro,2008,616969
Montenegro,2009,618294
Montenegro,2010,619428
Montenegro,2011,620079
Montenegro,2012,620601
Montenegro,2013,621207
Montenegro,2014,621810
Montenegro,2015,622159
Morocco,2000,28793679
Morocco,2001,29126330
Morocco,2002,29454768
Morocco,2003,29782884
Morocco,2004,30115214
Morocco,2005,30455561
Morocco,2006,30804683
Morocco,2007,31163673
Morocco,2008,31536811
Morocco,2009,31929087
Morocco,2010,32343389
Morocco,2011,32781850
Morocco,2012,33241898
Morocco,2013,33715693
Morocco,2014,34192347
Morocco,2015,34663603
Mozambique,2000,17711927
Mozambique,2001,18221888
Mozambique,2002,18764155
Mozambique,2003,19331100
Mozambique,2004,19910552
Mozambique,2005,20493925
Mozambique,2006,21080110
Mozambique,2007,21673316
Mozambique,2008,22276596
Mozambique,2009,22894710
Mozambique,2010,23531574
Mozambique,2011,24187487
Mozambique,2012,24862648
Mozambique,2013,25560725
Mozambique,2014,26286163
Mozambique,2015,27042002
Myanmar,2000,46719701
Myanmar,2001,47225120
Myanmar,2002,47702171
Myanmar,2003,48148902
Myanmar,2004,48564484
Myanmar,2005,48949924
Myanmar,2006,49301050
Myanmar,2007,49621475
Myanmar,2008,49929642
Myanmar,2009,50250367
Myanmar,2010,50600818
Myanmar,2011,50990615
Myanmar,2012,51413698
Myanmar,2013,51852451
Myanmar,2014,52280807
Myanmar,2015,52680726
Namibia,2000,1794571
Namibia,2001,1823672
Namibia,2002,1851523
Namibia,2003,1879117
Namibia,2004,1907745
Namibia,2005,1938320
Namibia,2006,1971317
Namibia,2007,2006514
Namibia,2008,2043394
Namibia,2009,2081044
Namibia,2010,2118874
Namibia,2011,2156701
Namibia,2012,2194784
Namibia,2013,2233510
Namibia,2014,2273430
Namibia,2015,2314904
Nauru,2000,10337
Nauru,2001,10215
Nauru,2002,10102
Nauru,2003,9994
Nauru,2004,9902
Nauru,2005,9849
Nauru,2006,9828
Nauru,2007,9842
Nauru,2008,9891
Nauru,2009,9939
Nauru,2010,10005
Nauru,2011,10057
Nauru,2012,10279
Nauru,2013,10821
Nauru,2014,11853
Nauru,2015,12475
Nepal,2000,23941110
Nepal,2001,24347106
Nepal,2002,24725627
Nepal,2003,25080872
Nepal,2004,25419344
Nepal,2005,25744500
Nepal,2006,26066693
Nepal,2007,26382581
Nepal,2008,26666576
Nepal,2009,26883535
Nepal,2010,27013212
Nepal,2011,27041437
Nepal,2012,26989862
Nepal,2013,26917906
Nepal,2014,26906926
Nepal,2015,27015031
Netherlands,2000,15925513
Netherlands,2001,16046180
Netherlands,2002,16148929
Netherlands,2003,16225302
Netherlands,2004,16281779
Netherlands,2005,16319868
Netherlands,2006,16346101
Netherlands,2007,16381696
Netherlands,2008,16445593
Netherlands,2009,16530388
Netherlands,2010,16615394
Netherlands,2011,16693074
Netherlands,2012,16754962
Netherlands,2013,16804432
Netherlands,2014,16865008
Netherlands,2015,16939923
New Caledonia,2000,213230
New Caledonia,2001,217324
New Caledonia,2002,221490
New Caledonia,2003,225296
New Caledonia,2004,228750
New Caledonia,2005,232250
New Caledonia,2006,235750
New Caledonia,2007,239250
New Caledonia,2008,242750
New Caledonia,2009,245950
New Caledonia,2010,249750
New Caledonia,2011,254350
New Caledonia,2012,259000
New Caledonia,2013,263650
New Caledonia,2014,268050
New Caledonia,2015,272400
New Zealand,2000,3857700
New Zealand,2001,3880500
New Zealand,2002,3948500
New Zealand,2003,4027200
New Zealand,2004,4087500
New Zealand,2005,4133900
New Zealand,2006,4184600
New Zealand,2007,4223800
New Zealand,2008,4259800
New Zealand,2009,4302600
New Zealand,2010,4350700
New Zealand,2011,4384000
New Zealand,2012,4408100
New Zealand,2013,4442100
New Zealand,2014,4509700
New Zealand,2015,4595700
Nicaragua,2000,5069302
Nicaragua,2001,5145366
Nicaragua,2002,5219328
Nicaragua,2003,5292118
Nicaragua,2004,5364935
Nicaragua,2005,5438690
Nicaragua,2006,5513763
Nicaragua,2007,5590055
Nicaragua,2008,5667432
Nicaragua,2009,5745526
Nicaragua,2010,5824065
Nicaragua,2011,5903039
Nicaragua,2012,5982526
Nicaragua,2013,6062454
Nicaragua,2014,6142733
Nicaragua,2015,6223240
Niger,2000,11331557
Niger,2001,11751365
Niger,2002,12189983
Niger,2003,12647984
Niger,2004,13125916
Niger,2005,13624467
Niger,2006,14143971
Niger,2007,14685399
Niger,2008,15250908
Niger,2009,15843133
Niger,2010,16464025
Niger,2011,17114761
Niger,2012,17795191
Niger,2013,18504255
Niger,2014,19240157
Niger,2015,20001663
Nigeria,2000,122283850
Nigeria,2001,125394046
Nigeria,2002,128596076
Nigeria,2003,131900631
Nigeria,2004,135320422
Nigeria,2005,138865016
Nigeria,2006,142538308
Nigeria,2007,146339977
Nigeria,2008,150269623
Nigeria,2009,154324933
Nigeria,2010,158503197
Nigeria,2011,162805071
Nigeria,2012,167228767
Nigeria,2013,171765769
Nigeria,2014,176404902
Nigeria,2015,181137448
Northern Mariana Islands,2000,57453
Northern Mariana Islands,2001,58321
Northern Mariana Islands,2002,58420
Northern Mariana Islands,2003,57947
Northern Mariana Islands,2004,57246
Northern Mariana Islands,2005,56542
Northern Mariana Islands,2006,55882
Northern Mariana Islands,2007,55219
Northern Mariana Islands,2008,54625
Northern Mariana Islands,2009,54193
Northern Mariana Islands,2010,53971
Northern Mariana Islands,2011,54012
Northern Mariana Islands,2012,54311
Northern Mariana Islands,2013,54784
Northern Mariana Islands,2014,55305
Northern Mariana Islands,2015,55780
Norway,2000,4490967
Norway,2001,4513751
Norway,2002,4538159
Norway,2003,4564855
Norway,2004,4591910
Norway,2005,4623291
Norway,2006,4660677
Norway,2007,4709153
Norway,2008,4768212
Norway,2009,4828726
Norway,2010,4889252
Norway,2011,4953088
Norway,2012,5018573
Norway,2013,5079623
Norway,2014,5137232
Norway,2015,5188607
Oman,2000,2267973
Oman,2001,2294962
Oman,2002,2334858
Oman,2003,2386166
Oman,2004,2445517
Oman,2005,2511251
Oman,2006,2580758
Oman,2007,2657158
Oman,2008,2750963
Oman,2009,2876186
Oman,2010,3041434
Oman,2011,3251108
Oman,2012,3498029
Oman,2013,3764805
Oman,2014,4027260
Oman,2015,4267348
Pakistan,2000,142343578
Pakistan,2001,145978402
Pakistan,2002,149549700
Pakistan,2003,153093373
Pakistan,2004,156664697
Pakistan,2005,160304008
Pakistan,2006,164022627
Pakistan,2007,167808105
Pakistan,2008,171648986
Pakistan,2009,175525609
Pakistan,2010,179424641
Pakistan,2011,183340592
Pakistan,2012,187281475
Pakistan,2013,191262919
Pakistan,2014,195306825
Pakistan,2015,199426964
Palau,2000,19105
Palau,2001,19386
Palau,2002,19637
Palau,2003,19809
Palau,2004,19867
Palau,2005,19781
Palau,2006,19540
Palau,2007,19158
Palau,2008,18704
Palau,2009,18285
Palau,2010,17955
Palau,2011,17745
Palau,2012,17640
Palau,2013,17606
Palau,2014,17626
Palau,2015,17665
Panama,2000,3030328
Panama,2001,3089648
Panama,2002,3149188
Panama,2003,3209048
Panama,2004,3269356
Panama,2005,3330217
Panama,2006,3391666
Panama,2007,3453675
Panama,2008,3516204
Panama,2009,3579215
Panama,2010,3642687
Panama,2011,3706483
Panama,2012,3770624
Panama,2013,3835437
Panama,2014,3901315
Panama,2015,3968487
Papua New Guinea,2000,5847586
Papua New Guinea,2001,5974629
Papua New Guinea,2002,6098621
Papua New Guinea,2003,6223377
Papua New Guinea,2004,6354245
Papua New Guinea,2005,6494903
Papua New Guinea,2006,6646895
Papua New Guinea,2007,6808514
Papua New Guinea,2008,6976201
Papua New Guinea,2009,7144776
Papua New Guinea,2010,7310507
Papua New Guinea,2011,7472200
Papua New Guinea,2012,7631002
Papua New Guinea,2013,7788379
Papua New Guinea,2014,7946731
Papua New Guinea,2015,8107775
Paraguay,2000,5323201
Paraguay,2001,5428444
Paraguay,2002,5531962
Paraguay,2003,5632983
Paraguay,2004,5730549
Paraguay,2005,5824096
Paraguay,2006,5913209
Paraguay,2007,5998427
Paraguay,2008,6081296
Paraguay,2009,6163972
Paraguay,2010,6248020
Paraguay,2011,6333976
Paraguay,2012,6421512
Paraguay,2013,6510276
Paraguay,2014,6599526
Paraguay,2015,6688746
Peru,2000,26459944
Peru,2001,26799285
Peru,2002,27100968
Peru,2003,27372226
Peru,2004,27624213
Peru,2005,27866145
Peru,2006,28102056
Peru,2007,28333052
Peru,2008,28562317
Peru,2009,28792655
Peru,2010,29027674
Peru,2011,29264318
Peru,2012,29506788
Peru,2013,29773987
Peru,2014,30090359
Peru,2015,30470734
Philippines,2000,77991755
Philippines,2001,79672873
Philippines,2002,81365258
Philippines,2003,83051971
Philippines,2004,84710542
Philippines,2005,86326250
Philippines,2006,87888675
Philippines,2007,89405482
Philippines,2008,90901965
Philippines,2009,92414158
Philippines,2010,93966780
Philippines,2011,95570047
Philippines,2012,97212638
Philippines,2013,98871552
Philippines,2014,100513138
Philippines,2015,102113212
Poland,2000,38258629
Poland,2001,38248076
Poland,2002,38230364
Poland,2003,38204570
Poland,2004,38182222
Poland,2005,38165445
Poland,2006,38141267
Poland,2007,38120560
Poland,2008,38125759
Poland,2009,38151603
Poland,2010,38042794
Poland,2011,38063255
Poland,2012,38063164
Poland,2013,38040196
Poland,2014,38011735
Poland,2015,37986412
Portugal,2000,10289898
Portugal,2001,10362722
Portugal,2002,10419631
Portugal,2003,10458821
Portugal,2004,10483861
Portugal,2005,10503330
Portugal,2006,10522288
Portugal,2007,10542964
Portugal,2008,10558177
Portugal,2009,10568247
Portugal,2010,10573100
Portugal,2011,10557560
Portugal,2012,10514844
Portugal,2013,10457295
Portugal,2014,10401062
Portugal,2015,10358076
Puerto Rico,2000,3810605
Puerto Rico,2001,3818774
Puerto Rico,2002,3823701
Puerto Rico,2003,3826095
Puerto Rico,2004,3826878
Puerto Rico,2005,3821362
Puerto Rico,2006,3805214
Puerto Rico,2007,3782995
Puerto Rico,2008,3760866
Puerto Rico,2009,3740410
Puerto Rico,2010,3721525
Puerto Rico,2011,3678732
Puerto Rico,2012,3634488
Puerto Rico,2013,3593077
Puerto Rico,2014,3534874
Puerto Rico,2015,3473232
Qatar,2000,592468
Qatar,2001,615012
Qatar,2002,640868
Qatar,2003,681788
Qatar,2004,753334
Qatar,2005,865416
Qatar,2006,1022711
Qatar,2007,1218434
Qatar,2008,1436665
Qatar,2009,1654950
Qatar,2010,1856327
Qatar,2011,2035871
Qatar,2012,2196074
Qatar,2013,2336574
Qatar,2014,2459198
Qatar,2015,2565710
Romania,2000,22442971
Romania,2001,22131970
Romania,2002,21730496
Romania,2003,21574326
Romania,2004,21451748
Romania,2005,21319685
Romania,2006,21193760
Romania,2007,20882982
Romania,2008,20537875
Romania,2009,20367487
Romania,2010,20246871
Romania,2011,20147528
Romania,2012,20058035
Romania,2013,19983693
Romania,2014,19908979
Romania,2015,19815616
Russian Federation,2000,146596869
Russian Federation,2001,145976482
Russian Federation,2002,145306497
Russian Federation,2003,144648618
Russian Federation,2004,144067316
Russian Federation,2005,143518814
Russian Federation,2006,143049637
Russian Federation,2007,142805114
Russian Federation,2008,142742366
Russian Federation,2009,142785349
Russian Federation,2010,142849468
Russian Federation,2011,142960908
Russian Federation,2012,143201721
Russian Federation,2013,143506995
Russian Federation,2014,143819666
Russian Federation,2015,144096870
Rwanda,2000,7933681
Rwanda,2001,8231156
Rwanda,2002,8427060
Rwanda,2003,8557161
Rwanda,2004,8680524
Rwanda,2005,8840215
Rwanda,2006,9043337
Rwanda,2007,9273757
Rwanda,2008,9524534
Rwanda,2009,9782770
Rwanda,2010,10039338
Rwanda,2011,10293331
Rwanda,2012,10549678
Rwanda,2013,10811543
Rwanda,2014,11083635
Rwanda,2015,11369071
Samoa,2000,174454
Samoa,2001,175392
Samoa,2002,176407
Samoa,2003,177484
Samoa,2004,178590
Samoa,2005,179727
Samoa,2006,180876
Samoa,2007,182046
Samoa,2008,183263
Samoa,2009,184556
Samoa,2010,185949
Samoa,2011,187469
Samoa,2012,189088
Samoa,2013,190717
Samoa,2014,192221
Samoa,2015,193513
San Marino,2000,27462
San Marino,2001,27812
San Marino,2002,28175
San Marino,2003,28562
San Marino,2004,28940
San Marino,2005,29324
San Marino,2006,29700
San Marino,2007,30063
San Marino,2008,30434
San Marino,2009,30816
San Marino,2010,31229
San Marino,2011,31661
San Marino,2012,32105
San Marino,2013,32553
San Marino,2014,32948
San Marino,2015,33272
Sao Tome and Principe,2000,142262
Sao Tome and Principe,2001,144755
Sao Tome and Principe,2002,147447
Sao Tome and Principe,2003,150415
Sao Tome and Principe,2004,153737
Sao Tome and Principe,2005,157472
Sao Tome and Principe,2006,161681
Sao Tome and Principe,2007,166300
Sao Tome and Principe,2008,171120
Sao Tome and Principe,2009,175876
Sao Tome and Principe,2010,180371
Sao Tome and Principe,2011,184524
Sao Tome and Principe,2012,188404
Sao Tome and Principe,2013,192087
Sao Tome and Principe,2014,195727
Sao Tome and Principe,2015,199432
Saudi Arabia,2000,20663843
Saudi Arabia,2001,21202642
Saudi Arabia,2002,21805313
Saudi Arabia,2003,22456649
Saudi Arabia,2004,23132682
Saudi Arabia,2005,23816183
Saudi Arabia,2006,24498310
Saudi Arabia,2007,25184597
Saudi Arabia,2008,25888541
Saudi Arabia,2009,26630303
Saudi Arabia,2010,27421461
Saudi Arabia,2011,28267685
Saudi Arabia,2012,29155187
Saudi Arabia,2013,30052518
Saudi Arabia,2014,30916994
Saudi Arabia,2015,31717667
Senegal,2000,9797734
Senegal,2001,10036104
Senegal,2002,10283699
Senegal,2003,10541467
Senegal,2004,10810083
Senegal,2005,11090116
Senegal,2006,11382268
Senegal,2007,11687080
Senegal,2008,12004701
Senegal,2009,12335084
Senegal,2010,12678148
Senegal,2011,13033809
Senegal,2012,13401991
Senegal,2013,13782420
Senegal,2014,14174731
Senegal,2015,14578459
Serbia,2000,7516346
Serbia,2001,7503433
Serbia,2002,7496522
Serbia,2003,7480591
Serbia,2004,7463157
Serbia,2005,7440769
Serbia,2006,7411569
Serbia,2007,7381579
Serbia,2008,7350222
Serbia,2009,7320807
Serbia,2010,7291436
Serbia,2011,7234099
Serbia,2012,7199077
Serbia,2013,7164132
Serbia,2014,7130576
Serbia,2015,7095383
Seychelles,2000,81131
Seychelles,2001,81202
Seychelles,2002,83723
Seychelles,2003,82781
Seychelles,2004,82475
Seychelles,2005,82858
Seychelles,2006,84600
Seychelles,2007,85033
Seychelles,2008,86956
Seychelles,2009,87298
Seychelles,2010,89770
Seychelles,2011,87441
Seychelles,2012,88303
Seychelles,2013,89949
Seychelles,2014,91359
Seychelles,2015,93419
Sierra Leone,2000,4584571
Sierra Leone,2001,4754072
Sierra Leone,2002,4965766
Sierra Leone,2003,5201070
Sierra Leone,2004,5433991
Sierra Leone,2005,5645624
Sierra Leone,2006,5829237
Sierra Leone,2007,5989633
Sierra Leone,2008,6133603
Sierra Leone,2009,6272734
Sierra Leone,2010,6415634
Sierra Leone,2011,6563240
Sierra Leone,2012,6712581
Sierra Leone,2013,6863980
Sierra Leone,2014,7017144
Sierra Leone,2015,7171914
Singapore,2000,4027887
Singapore,2001,4138012
Singapore,2002,4175950
Singapore,2003,4114826
Singapore,2004,4166664
Singapore,2005,4265762
Singapore,2006,4401365
Singapore,2007,4588599
Singapore,2008,4839396
Singapore,2009,4987573
Singapore,2010,5076732
Singapore,2011,5183688
Singapore,2012,5312437
Singapore,2013,5399162
Singapore,2014,5469724
Singapore,2015,5535002
Sint Maarten (Dutch part),2000,30519
Sint Maarten (Dutch part),2001,30600
Sint Maarten (Dutch part),2002,30777
Sint Maarten (Dutch part),2003,31472
Sint Maarten (Dutch part),2004,32488
Sint Maarten (Dutch part),2005,33011
Sint Maarten (Dutch part),2006,33441
Sint Maarten (Dutch part),2007,33811
Sint Maarten (Dutch part),2008,33964
Sint Maarten (Dutch part),2009,34238
Sint Maarten (Dutch part),2010,34056
Sint Maarten (Dutch part),2011,33435
Sint Maarten (Dutch part),2012,34640
Sint Maarten (Dutch part),2013,36607
Sint Maarten (Dutch part),2014,37685
Sint Maarten (Dutch part),2015,38825
Slovakia,2000,5388720
Slovakia,2001,5378867
Slovakia,2002,5376912
Slovakia,2003,5373374
Slovakia,2004,5372280
Slovakia,2005,5372807
Slovakia,2006,5373054
Slovakia,2007,5374622
Slovakia,2008,5379233
Slovakia,2009,5386406
Slovakia,2010,5391428
Slovakia,2011,5398384
Slovakia,2012,5407579
Slovakia,2013,5413393
Slovakia,2014,5418649
Slovakia,2015,5423801
Slovenia,2000,1988925
Slovenia,2001,1992060
Slovenia,2002,1994530
Slovenia,2003,1995733
Slovenia,2004,1997012
Slovenia,2005,2000474
Slovenia,2006,2006868
Slovenia,2007,2018122
Slovenia,2008,2021316
Slovenia,2009,2039669
Slovenia,2010,2048583
Slovenia,2011,2052843
Slovenia,2012,2057159
Slovenia,2013,2059953
Slovenia,2014,2061980
Slovenia,2015,2063531
Solomon Islands,2000,412660
Solomon Islands,2001,423944
Solomon Islands,2002,435432
Solomon Islands,2003,447017
Solomon Islands,2004,458539
Solomon Islands,2005,469918
Solomon Islands,2006,481078
Solomon Islands,2007,492132
Solomon Islands,2008,503360
Solomon Islands,2009,515181
Solomon Islands,2010,527861
Solomon Islands,2011,541521
Solomon Islands,2012,556064
Solomon Islands,2013,571335
Solomon Islands,2014,587079
Solomon Islands,2015,603118
Somalia,2000,8872254
Somalia,2001,9186725
Somalia,2002,9501342
Somalia,2003,9815412
Somalia,2004,10130243
Somalia,2005,10446863
Somalia,2006,10763905
Somalia,2007,11080121
Somalia,2008,11397188
Somalia,2009,11717692
Somalia,2010,12043883
Somalia,2011,12376302
Somalia,2012,12715510
Somalia,2013,13063706
Somalia,2014,13423576
Somalia,2015,13797201
South Africa,2000,44967708
South Africa,2001,45571274
South Africa,2002,46150913
South Africa,2003,46719196
South Africa,2004,47291610
South Africa,2005,47880601
South Africa,2006,48489459
South Africa,2007,49119759
South Africa,2008,49779471
South Africa,2009,50477011
South Africa,2010,51216964
South Africa,2011,52004172
South Africa,2012,52834005
South Africa,2013,53689236
South Africa,2014,54545991
South Africa,2015,55386367
South Sudan,2000,6199394
South Sudan,2001,6447793
South Sudan,2002,6688226
South Sudan,2003,6935676
South Sudan,2004,7213351
South Sudan,2005,7535932
South Sudan,2006,7907406
South Sudan,2007,8315139
South Sudan,2008,8736939
South Sudan,2009,9142259
South Sudan,2010,9508364
South Sudan,2011,9830698
South Sudan,2012,10113647
South Sudan,2013,10355036
South Sudan,2014,10554883
South Sudan,2015,10715658
Spain,2000,40567864
Spain,2001,40850412
Spain,2002,41431558
Spain,2003,42187645
Spain,2004,42921895
Spain,2005,43653155
Spain,2006,44397319
Spain,2007,45226803
Spain,2008,45954106
Spain,2009,46362946
Spain,2010,46576897
Spain,2011,46742697
Spain,2012,46773055
Spain,2013,46620045
Spain,2014,46480882
Spain,2015,46444832
Sri Lanka,2000,18777601
Sri Lanka,2001,18911730
Sri Lanka,2002,19062482
Sri Lanka,2003,19224037
Sri Lanka,2004,19387153
Sri Lanka,2005,19544988
Sri Lanka,2006,19695972
Sri Lanka,2007,19842044
Sri Lanka,2008,19983984
Sri Lanka,2009,20123508
Sri Lanka,2010,20261737
Sri Lanka,2011,20398670
Sri Lanka,2012,20425000
Sri Lanka,2013,20585000
Sri Lanka,2014,20778000
Sri Lanka,2015,20970000
Saint Kitts and Nevis,2000,44083
Saint Kitts and Nevis,2001,44602
Saint Kitts and Nevis,2002,45168
Saint Kitts and Nevis,2003,45749
Saint Kitts and Nevis,2004,46323
Saint Kitts and Nevis,2005,46852
Saint Kitts and Nevis,2006,47333
Saint Kitts and Nevis,2007,47769
Saint Kitts and Nevis,2008,48178
Saint Kitts and Nevis,2009,48599
Saint Kitts and Nevis,2010,49011
Saint Kitts and Nevis,2011,49442
Saint Kitts and Nevis,2012,49881
Saint Kitts and Nevis,2013,50328
Saint Kitts and Nevis,2014,50776
Saint Kitts and Nevis,2015,51204
Saint Lucia,2000,156729
Saint Lucia,2001,158179
Saint Lucia,2002,159392
Saint Lucia,2003,160530
Saint Lucia,2004,161816
Saint Lucia,2005,163417
Saint Lucia,2006,165381
Saint Lucia,2007,167639
Saint Lucia,2008,170011
Saint Lucia,2009,172221
Saint Lucia,2010,174085
Saint Lucia,2011,175544
Saint Lucia,2012,176646
Saint Lucia,2013,177513
Saint Lucia,2014,178296
Saint Lucia,2015,179126
Saint Martin (French part),2000,28935
Saint Martin (French part),2001,29853
Saint Martin (French part),2002,30910
Saint Martin (French part),2003,32053
Saint Martin (French part),2004,33186
Saint Martin (French part),2005,34248
Saint Martin (French part),2006,35237
Saint Martin (French part),2007,36137
Saint Martin (French part),2008,36885
Saint Martin (French part),2009,37377
Saint Martin (French part),2010,37582
Saint Martin (French part),2011,37446
Saint Martin (French part),2012,37009
Saint Martin (French part),2013,36453
Saint Martin (French part),2014,36015
Saint Martin (French part),2015,35858
Saint Vincent and the Grenadines,2000,107784
Saint Vincent and the Grenadines,2001,107896
Saint Vincent and the Grenadines,2002,108097
Saint Vincent and the Grenadines,2003,108326
Saint Vincent and the Grenadines,2004,108512
Saint Vincent and the Grenadines,2005,108614
Saint Vincent and the Grenadines,2006,108603
Saint Vincent and the Grenadines,2007,108518
Saint Vincent and the Grenadines,2008,108393
Saint Vincent and the Grenadines,2009,108287
Saint Vincent and the Grenadines,2010,108255
Saint Vincent and the Grenadines,2011,108316
Saint Vincent and the Grenadines,2012,108435
Saint Vincent and the Grenadines,2013,108622
Saint Vincent and the Grenadines,2014,108861
Saint Vincent and the Grenadines,2015,109148
Sudan,2000,27275015
Sudan,2001,27971082
Sudan,2002,28704778
Sudan,2003,29460519
Sudan,2004,30214193
Sudan,2005,30949516
Sudan,2006,31661823
Sudan,2007,32360621
Sudan,2008,33060837
Sudan,2009,33783788
Sudan,2010,34545013
Sudan,2011,35349681
Sudan,2012,36193783
Sudan,2013,37072550
Sudan,2014,37977655
Sudan,2015,38902950
Suriname,2000,470944
Suriname,2001,476574
Suriname,2002,482228
Suriname,2003,487938
Suriname,2004,493680
Suriname,2005,499461
Suriname,2006,505292
Suriname,2007,511181
Suriname,2008,517122
Suriname,2009,523113
Suriname,2010,529126
Suriname,2011,535177
Suriname,2012,541247
Suriname,2013,547295
Suriname,2014,553278
Suriname,2015,559136
Eswatini,2000,1005435
Eswatini,2001,1013609
Eswatini,2002,1019059
Eswatini,2003,1022802
Eswatini,2004,1026286
Eswatini,2005,1030579
Eswatini,2006,1036092
Eswatini,2007,1042652
Eswatini,2008,1049945
Eswatini,2009,1057467
Eswatini,2010,1064837
Eswatini,2011,1072032
Eswatini,2012,1079288
Eswatini,2013,1086839
Eswatini,2014,1095021
Eswatini,2015,1104044
Sweden,2000,8872109
Sweden,2001,8895960
Sweden,2002,8924958
Sweden,2003,8958229
Sweden,2004,8993531
Sweden,2005,9029572
Sweden,2006,9080505
Sweden,2007,9148092
Sweden,2008,9219637
Sweden,2009,9298515
Sweden,2010,9378126
Sweden,2011,9449213
Sweden,2012,9519374
Sweden,2013,9600379
Sweden,2014,9696110
Sweden,2015,9799186
Switzerland,2000,7184250
Switzerland,2001,7229854
Switzerland,2002,7284753
Switzerland,2003,7339001
Switzerland,2004,7389625
Switzerland,2005,7437115
Switzerland,2006,7483934
Switzerland,2007,7551117
Switzerland,2008,7647675
Switzerland,2009,7743831
Switzerland,2010,7824909
Switzerland,2011,7912398
Switzerland,2012,7996861
Switzerland,2013,8089346
Switzerland,2014,8188649
Switzerland,2015,8282396
Syrian Arab Republic,2000,16410848
Syrian Arab Republic,2001,16766561
Syrian Arab Republic,2002,17084632
Syrian Arab Republic,2003,17415214
Syrian Arab Republic,2004,17827825
Syrian Arab Republic,2005,18361176
Syrian Arab Republic,2006,19059258
Syrian Arab Republic,2007,19878254
Syrian Arab Republic,2008,20664038
Syrian Arab Republic,2009,21205873
Syrian Arab Republic,2010,21362529
Syrian Arab Republic,2011,21082966
Syrian Arab Republic,2012,20442541
Syrian Arab Republic,2013,19584274
Syrian Arab Republic,2014,18715672
Syrian Arab Republic,2015,17997408
Tajikistan,2000,6216341
Tajikistan,2001,6318513
Tajikistan,2002,6426867
Tajikistan,2003,6541547
Tajikistan,2004,6662389
Tajikistan,2005,6789321
Tajikistan,2006,6922587
Tajikistan,2007,7062672
Tajikistan,2008,7209930
Tajikistan,2009,7364753
Tajikistan,2010,7527394
Tajikistan,2011,7697510
Tajikistan,2012,7874835
Tajikistan,2013,8059769
Tajikistan,2014,8252833
Tajikistan,2015,8454028
"Tanzania, United Republic of",2000,33499180
"Tanzania, United Republic of",2001,34385856
"Tanzania, United Republic of",2002,35334788
"Tanzania, United Republic of",2003,36337782
"Tanzania, United Republic of",2004,37379767
"Tanzania, United Republic of",2005,38450320
"Tanzania, United Republic of",2006,39548663
"Tanzania, United Republic of",2007,40681414
"Tanzania, United Republic of",2008,41853944
"Tanzania, United Republic of",2009,43073834
"Tanzania, United Republic of",2010,44346525
"Tanzania, United Republic of",2011,45673338
"Tanzania, United Republic of",2012,47052481
"Tanzania, United Republic of",2013,48482266
"Tanzania, United Republic of",2014,49959822
"Tanzania, United Republic of",2015,51482633
Thailand,2000,62952642
Thailand,2001,63539196
Thailand,2002,64069087
Thailand,2003,64549866
Thailand,2004,64995299
Thailand,2005,65416189
Thailand,2006,65812536
Thailand,2007,66182067
Thailand,2008,66530984
Thailand,2009,66866839
Thailand,2010,67195028
Thailand,2011,67518382
Thailand,2012,67835957
Thailand,2013,68144501
Thailand,2014,68438730
Thailand,2015,68714511
Timor-Leste,2000,884366
Timor-Leste,2001,901214
Timor-Leste,2002,922694
Timor-Leste,2003,947108
Timor-Leste,2004,971893
Timor-Leste,2005,995135
Timor-Leste,2006,1016432
Timor-Leste,2007,1036392
Timor-Leste,2008,1055431
Timor-Leste,2009,1074277
Timor-Leste,2010,1093523
Timor-Leste,2011,1113151
Timor-Leste,2012,1132994
Timor-Leste,2013,1153295
Timor-Leste,2014,1174331
Timor-Leste,2015,1196302
Togo,2000,4924402
Togo,2001,5062567
Togo,2002,5197031
Togo,2003,5330639
Togo,2004,5467766
Togo,2005,5611640
Togo,2006,5762880
Togo,2007,5920359
Togo,2008,6083420
Togo,2009,6250835
Togo,2010,6421679
Togo,2011,6595943
Togo,2012,6773807
Togo,2013,6954721
Togo,2014,7137997
Togo,2015,7323158
Tonga,2000,97973
Tonga,2001,98487
Tonga,2002,99022
Tonga,2003,99589
Tonga,2004,100218
Tonga,2005,100905
Tonga,2006,101706
Tonga,2007,102581
Tonga,2008,103379
Tonga,2009,103890
Tonga,2010,103986
Tonga,2011,103562
Tonga,2012,102737
Tonga,2013,101768
Tonga,2014,101028
Tonga,2015,100781
Trinidad and Tobago,2000,1267153
Trinidad and Tobago,2001,1271632
Trinidad and Tobago,2002,1277213
Trinidad and Tobago,2003,1283559
Trinidad and Tobago,2004,1290123
Trinidad and Tobago,2005,1296502
Trinidad and Tobago,2006,1302561
Trinidad and Tobago,2007,1308451
Trinidad and Tobago,2008,1314443
Trinidad and Tobago,2009,1320930
Trinidad and Tobago,2010,1328147
Trinidad and Tobago,2011,1336178
Trinidad and Tobago,2012,1344817
Trinidad and Tobago,2013,1353700
Trinidad and Tobago,2014,1362342
Trinidad and Tobago,2015,1370328
Tunisia,2000,9708350
Tunisia,2001,9793903
Tunisia,2002,9871251
Tunisia,2003,9945277
Tunisia,2004,10022277
Tunisia,2005,10106771
Tunisia,2006,10201214
Tunisia,2007,10304726
Tunisia,2008,10414433
Tunisia,2009,10525694
Tunisia,2010,10635244
Tunisia,2011,10741880
Tunisia,2012,10847002
Tunisia,2013,10952951
Tunisia,2014,11063201
Tunisia,2015,11179949
Turkey,2000,63240194
Turkey,2001,64192243
Turkey,2002,65145367
Turkey,2003,66089402
Turkey,2004,67010930
Turkey,2005,67903469
Turkey,2006,68756810
Turkey,2007,69581848
Turkey,2008,70418604
Turkey,2009,71321399
Turkey,2010,72326988
Turkey,2011,73443863
Turkey,2012,74653016
Turkey,2013,75928564
Turkey,2014,77231907
Turkey,2015,78529409
Turkmenistan,2000,4516133
Turkmenistan,2001,4564083
Turkmenistan,2002,4610005
Turkmenistan,2003,4655743
Turkmenistan,2004,4703401
Turkmenistan,2005,4754646
Turkmenistan,2006,4810109
Turkmenistan,2007,4870141
Turkmenistan,2008,4935767
Turkmenistan,2009,5007954
Turkmenistan,2010,5087213
Turkmenistan,2011,5174085
Turkmenistan,2012,5267900
Turkmenistan,2013,5366375
Turkmenistan,2014,5466328
Turkmenistan,2015,5565287
Turks and Caicos Islands,2000,20164
Turks and Caicos Islands,2001,21573
Turks and Caicos Islands,2002,23232
Turks and Caicos Islands,2003,25011
Turks and Caicos Islands,2004,26700
Turks and Caicos Islands,2005,28180
Turks and Caicos Islands,2006,29391
Turks and Caicos Islands,2007,30385
Turks and Caicos Islands,2008,31202
Turks and Caicos Islands,2009,31934
Turks and Caicos Islands,2010,32660
Turks and Caicos Islands,2011,33377
Turks and Caicos Islands,2012,34066
Turks and Caicos Islands,2013,34731
Turks and Caicos Islands,2014,35369
Turks and Caicos Islands,2015,35981
Tuvalu,2000,9394
Tuvalu,2001,9484
Tuvalu,2002,9596
Tuvalu,2003,9726
Tuvalu,2004,9869
Tuvalu,2005,10000
Tuvalu,2006,10120
Tuvalu,2007,10221
Tuvalu,2008,10314
Tuvalu,2009,10424
Tuvalu,2010,10530
Tuvalu,2011,10633
Tuvalu,2012,10739
Tuvalu,2013,10857
Tuvalu,2014,10972
Tuvalu,2015,11099
Uganda,2000,23650172
Uganda,2001,24388968
Uganda,2002,25167257
Uganda,2003,25980552
Uganda,2004,26821297
Uganda,2005,27684585
Uganda,2006,28571475
Uganda,2007,29486338
Uganda,2008,30431736
Uganda,2009,31411096
Uganda,2010,32428167
Uganda,2011,33476919
Uganda,2012,34559168
Uganda,2013,35695246
Uganda,2014,36912148
Uganda,2015,38225453
Ukraine,2000,49176500
Ukraine,2001,48662400
Ukraine,2002,48202470
Ukraine,2003,47812949
Ukraine,2004,47451626
Ukraine,2005,47105171
Ukraine,2006,46787786
Ukraine,2007,46509355
Ukraine,2008,46258189
Ukraine,2009,46053331
Ukraine,2010,45870741
Ukraine,2011,45706086
Ukraine,2012,45593342
Ukraine,2013,45489648
Ukraine,2014,45272156
Ukraine,2015,45154036
United Arab Emirates,2000,3134062
United Arab Emirates,2001,3302719
United Arab Emirates,2002,3478777
United Arab Emirates,2003,3711932
United Arab Emirates,2004,4068570
United Arab Emirates,2005,4588225
United Arab Emirates,2006,5300174
United Arab Emirates,2007,6168838
United Arab Emirates,2008,7089487
United Arab Emirates,2009,7917372
United Arab Emirates,2010,8549988
United Arab Emirates,2011,8946777
United Arab Emirates,2012,9141596
United Arab Emirates,2013,9197910
United Arab Emirates,2014,9214175
United Arab Emirates,2015,9262900
United Kingdom,2000,58892514
United Kingdom,2001,59119673
United Kingdom,2002,59370479
United Kingdom,2003,59647577
United Kingdom,2004,59987905
United Kingdom,2005,60401206
United Kingdom,2006,60846820
United Kingdom,2007,61322463
United Kingdom,2008,61806995
United Kingdom,2009,62276270
United Kingdom,2010,62766365
United Kingdom,2011,63258810
United Kingdom,2012,63700215
United Kingdom,2013,64128273
United Kingdom,2014,64602298
United Kingdom,2015,65116219
United States,2000,282162411
United States,2001,284968955
United States,2002,287625193
United States,2003,290107933
United States,2004,292805298
United States,2005,295516599
United States,2006,298379912
United States,2007,301231207
United States,2008,304093966
United States,2009,306771529
United States,2010,309321666
United States,2011,311556874
United States,2012,313830990
United States,2013,315993715
United States,2014,318301008
United States,2015,320635163
Uruguay,2000,3319736
Uruguay,2001,3325473
Uruguay,2002,3326040
Uruguay,2003,3323668
Uruguay,2004,3321476
Uruguay,2005,3321803
Uruguay,2006,3325401
Uruguay,2007,3331749
Uruguay,2008,3340221
Uruguay,2009,3349676
Uruguay,2010,3359275
Uruguay,2011,3368934
Uruguay,2012,3378974
Uruguay,2013,3389439
Uruguay,2014,3400434
Uruguay,2015,3412009
Uzbekistan,2000,24650400
Uzbekistan,2001,24964450
Uzbekistan,2002,25271850
Uzbekistan,2003,25567650
Uzbekistan,2004,25864350
Uzbekistan,2005,26167000
Uzbekistan,2006,26488250
Uzbekistan,2007,26868000
Uzbekistan,2008,27302800
Uzbekistan,2009,27767400
Uzbekistan,2010,28562400
Uzbekistan,2011,29339400
Uzbekistan,2012,29774500
Uzbekistan,2013,30243200
Uzbekistan,2014,30757700
Uzbekistan,2015,31298900
Vanuatu,2000,184972
Vanuatu,2001,189219
Vanuatu,2002,193920
Vanuatu,2003,198959
Vanuatu,2004,204127
Vanuatu,2005,209282
Vanuatu,2006,214370
Vanuatu,2007,219472
Vanuatu,2008,224704
Vanuatu,2009,230247
Vanuatu,2010,236211
Vanuatu,2011,242653
Vanuatu,2012,249499
Vanuatu,2013,256635
Vanuatu,2014,263888
Vanuatu,2015,271130
"Venezuela, Bolivarian Republic of",2000,24192446
"Venezuela, Bolivarian Republic of",2001,24646472
"Venezuela, Bolivarian Republic of",2002,25100408
"Venezuela, Bolivarian Republic of",2003,25551624
"Venezuela, Bolivarian Republic of",2004,25996594
"Venezuela, Bolivarian Republic of",2005,26432447
"Venezuela, Bolivarian Republic of",2006,26850194
"Venezuela, Bolivarian Republic of",2007,27247610
"Venezuela, Bolivarian Republic of",2008,27635832
"Venezuela, Bolivarian Republic of",2009,28031009
"Venezuela, Bolivarian Republic of",2010,28439940
"Venezuela, Bolivarian Republic of",2011,28888369
"Venezuela, Bolivarian Republic of",2012,29362449
"Venezuela, Bolivarian Republic of",2013,29783571
"Venezuela, Bolivarian Republic of",2014,30045134
"Venezuela, Bolivarian Republic of",2015,30081829
Viet Nam,2000,79910412
Viet Nam,2001,80742499
Viet Nam,2002,81534407
Viet Nam,2003,82301656
Viet Nam,2004,83062821
Viet Nam,2005,83832661
Viet Nam,2006,84617540
Viet Nam,2007,85419591
Viet Nam,2008,86243413
Viet Nam,2009,87092252
Viet Nam,2010,87967651
Viet Nam,2011,88871561
Viet Nam,2012,89802487
Viet Nam,2013,90753472
Viet Nam,2014,91714595
Viet Nam,2015,92677076
"Virgin Islands, U.S.",2000,108642
"Virgin Islands, U.S.",2001,108549
"Virgin Islands, U.S.",2002,108510
"Virgin Islands, U.S.",2003,108506
"Virgin Islands, U.S.",2004,108467
"Virgin Islands, U.S.",2005,108454
"Virgin Islands, U.S.",2006,108371
"Virgin Islands, U.S.",2007,108339
"Virgin Islands, U.S.",2008,108399
"Virgin Islands, U.S.",2009,108405
"Virgin Islands, U.S.",2010,108358
"Virgin Islands, U.S.",2011,108292
"Virgin Islands, U.S.",2012,108191
"Virgin Islands, U.S.",2013,108044
"Virgin Islands, U.S.",2014,107884
"Virgin Islands, U.S.",2015,107710
"Palestine, State of",2000,2922153
"Palestine, State of",2001,2997784
"Palestine, State of",2002,3075373
"Palestine, State of",2003,3154969
"Palestine, State of",2004,3236626
"Palestine, State of",2005,3320396
"Palestine, State of",2006,3406334
"Palestine, State of",2007,3494496
"Palestine, State of",2008,3591977
"Palestine, State of",2009,3689099
"Palestine, State of",2010,3786161
"Palestine, State of",2011,3882986
"Palestine, State of",2012,3979998
"Palestine, State of",2013,4076708
"Palestine, State of",2014,4173398
"Palestine, State of",2015,4270092
Yemen,2000,17409072
Yemen,2001,17918373
Yemen,2002,18443691
Yemen,2003,18985000
Yemen,2004,19540098
Yemen,2005,20107409
Yemen,2006,20687646
Yemen,2007,21282515
Yemen,2008,21892146
Yemen,2009,22516460
Yemen,2010,23154855
Yemen,2011,23807588
Yemen,2012,24473178
Yemen,2013,25147109
Yemen,2014,25823485
Yemen,2015,26497889
Zambia,2000,10415944
Zambia,2001,10692193
Zambia,2002,10971698
Zambia,2003,11256743
Zambia,2004,11550642
Zambia,2005,11856247
Zambia,2006,12173514
Zambia,2007,12502958
Zambia,2008,12848530
Zambia,2009,13215139
Zambia,2010,13605984
Zambia,2011,14023193
Zambia,2012,14465121
Zambia,2013,14926504
Zambia,2014,15399753
Zambia,2015,15879361
Zimbabwe,2000,11881477
Zimbabwe,2001,11923914
Zimbabwe,2002,11954290
Zimbabwe,2003,11982224
Zimbabwe,2004,12019912
Zimbabwe,2005,12076699
Zimbabwe,2006,12155491
Zimbabwe,2007,12255922
Zimbabwe,2008,12379549
Zimbabwe,2009,12526968
Zimbabwe,2010,12697723
Zimbabwe,2011,12894316
Zimbabwe,2012,13115131
Zimbabwe,2013,13350356
Zimbabwe,2014,13586681
Zimbabwe,2015,13814629
